locality name,Price Range,Q/Q,trends,one bedroom,two bedroom,three bedroom
Anand Nagar,"Rs. 7,735 - 8,628/sq. ft.",-1.03%  ,See Trends,"Rs. 10,566 - 12,486","Rs. 15,300 - 18,360","Rs. 19,890 - 24,310"
Ashok Nagar,"Rs. 8,840 - 10,242/sq. ft.",-,Not Available,-,"Rs. 18,553 - 20,973",-
Balkum,"Rs. 8,755 - 9,988/sq. ft.",-2.24%  ,See Trends,"Rs. 12,928 - 15,415","Rs. 17,850 - 20,825","Rs. 25,517 - 29,345"
Balkum Pada,"Rs. 8,542 - 9,095/sq. ft.",-0.48%  ,See Trends,"Rs. 10,846 - 14,297","Rs. 13,728 - 19,508",-
Bhaskar Colony,"Rs. 13,940 - 15,555/sq. ft.",-,Not Available,-,-,-
Bhayandarpada,"Rs. 7,012 - 7,905/sq. ft.",0%     ,See Trends,-,"Rs. 13,600 - 15,300",-
Brahmand,"Rs. 8,415 - 9,308/sq. ft.",0%     ,See Trends,"Rs. 12,243 - 12,714","Rs. 16,830 - 19,890",-
Budhaji Nagar,"Rs. 7,268 - 8,202/sq. ft.",-3.63%  ,See Trends,-,-,-
Charai,"Rs. 10,158 - 12,155/sq. ft.",4.26%  ,See Trends,"Rs. 13,260 - 14,586",-,-
Chirak Nagar,"Rs. 10,455 - 11,688/sq. ft.",-0.38%  ,See Trends,"Rs. 17,629 - 20,222","Rs. 20,196 - 22,889",-
Damoji Patil Wadi,"Rs. 13,260 - 13,812/sq. ft.",-0.62%  ,See Trends,"Rs. 17,748 - 18,734",-,-
Devdaya Nagar,"Rs. 11,900 - 14,280/sq. ft.",-,Not Available,"Rs. 12,967 - 14,408","Rs. 21,250 - 25,500",-
Dhobi Ali,"Rs. 9,605 - 12,155/sq. ft.",3.63%  ,See Trends,-,-,-
Dhokali,"Rs. 8,968 - 9,988/sq. ft.",0%     ,See Trends,"Rs. 13,311 - 15,283","Rs. 19,125 - 20,655","Rs. 23,375 - 27,625"
Diva Gaon,"Rs. 2,422 - 3,272/sq. ft.",-,Not Available,"Rs. 3,536 - 4,420",-,-
Dokali Pada,"Rs. 8,798 - 9,818/sq. ft.",0.47%  ,See Trends,"Rs. 13,196 - 15,640","Rs. 17,790 - 20,884",-
Dongripada,-,-,Not Available,-,"Rs. 19,910 - 21,570",-
Eden Wood,"Rs. 10,582 - 11,560/sq. ft.",-,Not Available,-,"Rs. 19,614 - 23,536",-
Ganeshwadi,"Rs. 7,905 - 8,585/sq. ft.",-,Not Available,-,-,-
Gawand Baug,"Rs. 9,478 - 10,115/sq. ft.",1.36%  ,See Trends,"Rs. 14,875 - 16,660","Rs. 20,188 - 22,610",-
G B Road,"Rs. 7,522 - 8,670/sq. ft.",-1.6%  ,See Trends,"Rs. 9,996 - 12,852","Rs. 14,858 - 17,986",-
Ghodbunder Road,"Rs. 8,202 - 10,328/sq. ft.",0.47%  ,See Trends,"Rs. 11,495 - 15,494","Rs. 17,298 - 22,015","Rs. 27,272 - 34,387"
Hari Om Nagar,"Rs. 13,260 - 13,812/sq. ft.",-0.62%  ,See Trends,"Rs. 17,748 - 18,734",-,-
Hiranandani Estate,"Rs. 10,710 - 12,750/sq. ft.",0.36%  ,See Trends,"Rs. 16,550 - 18,556","Rs. 22,974 - 26,143","Rs. 35,572 - 39,525"
Hiranandani Meadows,"Rs. 14,492 - 16,575/sq. ft.",-3.75%  ,See Trends,-,"Rs. 24,735 - 28,858","Rs. 39,525 - 43,350"
Jambli Naka,"Rs. 10,200 - 12,112/sq. ft.",-,Not Available,-,-,-
JK Gram,"Rs. 12,070 - 12,410/sq. ft.",-0.34%  ,See Trends,-,-,-
Kailash Nagar,"Rs. 9,095 - 9,818/sq. ft.",2.31%  ,See Trends,-,"Rs. 19,125 - 21,420",-
Kalher,"Rs. 3,230 - 3,740/sq. ft.",-2.44%  ,See Trends,"Rs. 4,462 - 5,355","Rs. 5,018 - 6,273",-
Kalwa,"Rs. 7,608 - 8,755/sq. ft.",-2.02%  ,See Trends,"Rs. 10,752 - 12,219","Rs. 15,011 - 17,263","Rs. 19,125 - 21,038"
Kapurbawadi,"Rs. 9,945 - 11,348/sq. ft.",-2.75%  ,See Trends,"Rs. 14,470 - 16,021",-,"Rs. 26,373 - 30,960"
Kasar Vadavali,"Rs. 7,352 - 8,330/sq. ft.",-0.54%  ,See Trends,"Rs. 10,353 - 11,832","Rs. 14,115 - 16,344","Rs. 19,380 - 22,440"
Kasheli,"Rs. 3,612 - 4,165/sq. ft.",-2.15%  ,See Trends,"Rs. 5,661 - 6,133",-,-
Kavesar,"Rs. 8,372 - 9,520/sq. ft.",1.97%  ,See Trends,"Rs. 12,158 - 13,172","Rs. 17,850 - 20,400","Rs. 27,685 - 32,959"
Kharkar Alley,"Rs. 9,095 - 11,348/sq. ft.",-,Not Available,-,-,-
Khopat,"Rs. 10,880 - 12,665/sq. ft.",-2.56%  ,See Trends,"Rs. 16,048 - 17,552","Rs. 22,872 - 25,085",-
Kisan Nagar,"Rs. 5,015 - 5,822/sq. ft.",2.36%  ,See Trends,"Rs. 8,113 - 8,819",-,-
Kolbad Road,"Rs. 10,625 - 11,645/sq. ft.",1.15%  ,See Trends,-,-,-
Kolshet,"Rs. 9,392 - 10,285/sq. ft.",-0.86%  ,See Trends,-,"Rs. 16,813 - 19,006",-
Kolshet Industrial Area,"Rs. 8,288 - 12,112/sq. ft.",12.67%  ,See Trends,-,-,-
Kolshet Road,"Rs. 9,052 - 10,498/sq. ft.",1.35%  ,See Trends,"Rs. 14,399 - 16,456","Rs. 18,360 - 20,655","Rs. 25,180 - 29,560"
Kopri,"Rs. 9,562 - 11,220/sq. ft.",-0.4%  ,See Trends,"Rs. 13,558 - 14,960","Rs. 22,904 - 26,297",-
Laxmi Nagar,"Rs. 11,220 - 12,410/sq. ft.",-3.17%  ,See Trends,-,"Rs. 23,800 - 26,350",-
Lokmanya Nagar,-,-,Not Available,"Rs. 10,335 - 14,764","Rs. 17,707 - 21,396",-
Lokpuram,-,-,Not Available,"Rs. 14,492 - 16,362",-,-
Lok Upvan,-,-,Not Available,"Rs. 13,607 - 15,484","Rs. 19,380 - 22,610",-
Louis Wadi,"Rs. 10,922 - 12,665/sq. ft.",-2.12%  ,See Trends,"Rs. 15,283 - 17,748","Rs. 22,185 - 25,245","Rs. 33,150 - 41,990"
Majiwada,"Rs. 9,052 - 10,200/sq. ft.",-0.88%  ,See Trends,"Rs. 12,928 - 16,409","Rs. 20,380 - 22,927","Rs. 28,069 - 31,896"
Manisha Nagar,"Rs. 7,140 - 8,500/sq. ft.",-3.74%  ,See Trends,"Rs. 10,752 - 12,155",-,-
Manpada,"Rs. 9,902 - 11,220/sq. ft.",1.22%  ,See Trends,"Rs. 14,662 - 16,129","Rs. 21,349 - 23,812","Rs. 28,458 - 34,387"
Mogharpada,"Rs. 7,182 - 7,480/sq. ft.",-,Not Available,-,-,-
Naupada,"Rs. 12,920 - 14,535/sq. ft.",1.25%  ,See Trends,"Rs. 15,512 - 18,332","Rs. 24,670 - 29,296","Rs. 27,668 - 34,808"
Owale,"Rs. 6,842 - 7,862/sq. ft.",-3.93%  ,See Trends,"Rs. 9,911 - 10,407","Rs. 12,913 - 15,783","Rs. 26,257 - 28,758"
Panch Pakhadi,"Rs. 11,560 - 13,728/sq. ft.",1.03%  ,See Trends,"Rs. 15,895 - 17,298","Rs. 23,434 - 24,997","Rs. 35,177 - 38,582"
Parsik Nagar,"Rs. 7,990 - 8,798/sq. ft.",-0.51%  ,See Trends,"Rs. 11,407 - 12,962","Rs. 15,147 - 17,419","Rs. 19,125 - 21,038"
Patlipada,"Rs. 9,010 - 11,772/sq. ft.",5.7%  ,See Trends,"Rs. 12,622 - 16,362","Rs. 18,006 - 22,703","Rs. 37,641 - 40,236"
Pokharan Road,"Rs. 10,540 - 12,198/sq. ft.",-1.83%  ,See Trends,-,"Rs. 23,256 - 24,031",-
Pokhran-2,"Rs. 10,838 - 12,112/sq. ft.",-0.73%  ,See Trends,"Rs. 13,804 - 15,776","Rs. 22,800 - 26,058","Rs. 32,245 - 38,216"
Rabodi,"Rs. 7,268 - 8,712/sq. ft.",4.97%  ,See Trends,-,-,-
Ram Maruti Road,"Rs. 12,920 - 14,450/sq. ft.",-3.99%  ,See Trends,-,-,-
Sai Nagar,"Rs. 7,395 - 8,500/sq. ft.",-1.61%  ,See Trends,"Rs. 10,378 - 11,322","Rs. 14,399 - 17,999",-
Sainath Nagar,"Rs. 9,690 - 10,668/sq. ft.",0%     ,See Trends,"Rs. 17,738 - 19,655","Rs. 19,659 - 23,871","Rs. 27,214 - 35,496"
Samata Nagar,"Rs. 11,092 - 11,900/sq. ft.",-3.21%  ,See Trends,"Rs. 16,565 - 17,082","Rs. 22,372 - 24,769","Rs. 26,112 - 30,464"
Shivai Nagar,"Rs. 10,625 - 12,750/sq. ft.",9.09%  ,See Trends,"Rs. 13,642 - 14,552","Rs. 21,250 - 25,500",-
Shree Nagar,"Rs. 10,838 - 13,302/sq. ft.",-,Not Available,-,-,-
Teen Haath Naka,"Rs. 11,815 - 15,598/sq. ft.",3.26%  ,See Trends,"Rs. 15,810 - 17,850","Rs. 23,256 - 27,616","Rs. 36,837 - 42,779"
Tembhi Naka,"Rs. 9,435 - 12,155/sq. ft.",-,Not Available,-,-,-
Thane (East),"Rs. 10,625 - 12,495/sq. ft.",-0.37%  ,See Trends,"Rs. 15,178 - 17,626","Rs. 22,481 - 24,031",-
Thane West,"Rs. 8,798 - 10,965/sq. ft.",0.44%  ,See Trends,"Rs. 12,325 - 15,776","Rs. 18,870 - 22,801","Rs. 26,803 - 33,795"
Uthalsar,"Rs. 10,200 - 11,390/sq. ft.",-,Not Available,"Rs. 13,558 - 15,895","Rs. 24,432 - 31,835",-
Vartak Nagar,"Rs. 9,435 - 10,625/sq. ft.",-1.68%  ,See Trends,"Rs. 14,790 - 16,320","Rs. 19,508 - 21,675",-
Vasant Vihar,"Rs. 10,838 - 11,858/sq. ft.",0%     ,See Trends,"Rs. 13,821 - 16,124","Rs. 22,872 - 25,322","Rs. 30,799 - 35,362"
Vijay Nagari,"Rs. 8,202 - 9,222/sq. ft.",1.5%  ,See Trends,"Rs. 12,219 - 13,685","Rs. 19,033 - 20,619","Rs. 26,988 - 28,067"
Vitawa,"Rs. 4,718 - 5,738/sq. ft.",-,Not Available,-,-,-
Vrindavan,"Rs. 9,222 - 11,475/sq. ft.",-,Not Available,-,-,-
Waghbil,"Rs. 8,202 - 9,095/sq. ft.",1.52%  ,See Trends,"Rs. 10,968 - 12,875","Rs. 16,250 - 20,682","Rs. 22,045 - 25,194"
Wagle Estate,"Rs. 11,815 - 13,345/sq. ft.",8.49%  ,See Trends,"Rs. 13,821 - 16,124","Rs. 24,174 - 26,591","Rs. 35,599 - 41,341"
Yashodhan Nagar,-,-,Not Available,"Rs. 9,945 - 11,858",-,-
Mumbai Beyond Thane,,,,,,
Adharwadi,"Rs. 4,972 - 5,610/sq. ft.",2.44%  ,See Trends,"Rs. 6,122 - 7,064","Rs. 12,888 - 13,808","Rs. 15,470 - 16,575"
Ambernath,"Rs. 3,358 - 3,910/sq. ft.",2.41%  ,See Trends,"Rs. 4,189 - 5,760","Rs. 5,746 - 7,182",-
Ambernath East,"Rs. 3,400 - 3,995/sq. ft.",2.35%  ,See Trends,"Rs. 4,250 - 5,312","Rs. 5,766 - 7,929",-
Ambernath West,"Rs. 3,315 - 4,080/sq. ft.",1.2%  ,See Trends,"Rs. 4,359 - 5,448",-,-
Ambivali West,"Rs. 3,740 - 4,845/sq. ft.",0.99%  ,See Trends,-,-,-
Ambivli,"Rs. 3,868 - 4,590/sq. ft.",6.25%  ,See Trends,"Rs. 2,830 - 3,397","Rs. 3,155 - 3,550",-
Anjurdive,"Rs. 6,885 - 7,522/sq. ft.",6.17%  ,See Trends,-,-,-
Aptewadi,"Rs. 3,018 - 3,485/sq. ft.",-,Not Available,-,-,-
Asangaon,"Rs. 2,848 - 3,060/sq. ft.",0%     ,See Trends,-,-,-
Atgaon,"Rs. 3,102 - 3,868/sq. ft.",-7.78%  ,See Trends,-,-,-
Azde Gaon,"Rs. 3,740 - 4,718/sq. ft.",-5.88%  ,See Trends,-,-,-
Badlapur,"Rs. 3,018 - 3,485/sq. ft.",0%     ,See Trends,"Rs. 3,570 - 4,080","Rs. 5,206 - 5,950",-
Badlapur (East),"Rs. 3,018 - 3,400/sq. ft.",-1.32%  ,See Trends,"Rs. 3,060 - 4,080","Rs. 4,590 - 6,120",-
Badlapur (West),"Rs. 3,018 - 3,400/sq. ft.",-1.3%  ,See Trends,"Rs. 3,588 - 4,100","Rs. 4,938 - 5,644",-
Balaji Nagar,"Rs. 6,248 - 6,842/sq. ft.",0%     ,See Trends,-,-,-
Belavali,"Rs. 3,018 - 3,485/sq. ft.",2.63%  ,See Trends,"Rs. 3,748 - 5,355",-,-
Bhadra Nagar,"Rs. 7,480 - 8,288/sq. ft.",-6.12%  ,See Trends,-,-,-
Bhivpuri,"Rs. 2,125 - 2,550/sq. ft.",9.8%  ,See Trends,-,-,-
Bhiwandi,"Rs. 3,698 - 4,675/sq. ft.",-2.02%  ,See Trends,"Rs. 4,692 - 6,569","Rs. 7,327 - 8,060",-
Chanakya Nagar,"Rs. 4,930 - 5,525/sq. ft.",-3.88%  ,See Trends,-,"Rs. 8,565 - 9,343",-
Chikan Ghar,"Rs. 6,035 - 6,800/sq. ft.",-1.37%  ,See Trends,"Rs. 8,742 - 10,285",-,-
Chikholi,"Rs. 3,145 - 3,740/sq. ft.",1.3%  ,See Trends,-,-,-
Dahivali,"Rs. 2,678 - 3,145/sq. ft.",-,Not Available,-,-,-
Dahiwali Tarf Waredi,"Rs. 2,848 - 4,165/sq. ft.",-,Not Available,-,-,-
Dawadi Gaon,"Rs. 4,038 - 4,632/sq. ft.",0.97%  ,See Trends,-,-,-
Desale Pada,"Rs. 4,038 - 4,972/sq. ft.",-2.8%  ,See Trends,"Rs. 4,413 - 5,216",-,-
Devicha Pada,"Rs. 5,355 - 6,290/sq. ft.",-1.46%  ,See Trends,-,-,-
Dombivli (East),"Rs. 5,015 - 5,908/sq. ft.",0%     ,See Trends,"Rs. 6,028 - 8,038","Rs. 8,013 - 10,927","Rs. 10,285 - 13,090"
Dombivli (West),"Rs. 5,228 - 6,205/sq. ft.",0%     ,See Trends,"Rs. 7,166 - 8,121",-,-
Gandhar Nagar,"Rs. 6,205 - 7,098/sq. ft.",1.96%  ,See Trends,"Rs. 7,650 - 8,160","Rs. 11,686 - 14,190",-
Gandhi Nagar,"Rs. 5,652 - 6,332/sq. ft.",-,Not Available,-,-,-
Ganesh Nagar,"Rs. 5,992 - 6,418/sq. ft.",1.35%  ,See Trends,"Rs. 5,814 - 7,268",-,-
Gauripada,"Rs. 5,228 - 5,780/sq. ft.",0.78%  ,See Trends,-,-,-
Gograswadi,"Rs. 5,398 - 6,588/sq. ft.",-,Not Available,-,-,-
Hanuman Nagar,"Rs. 4,080 - 4,845/sq. ft.",-,Not Available,-,-,-
Hendre Pada,"Rs. 3,358 - 3,612/sq. ft.",-2.41%  ,See Trends,"Rs. 3,510 - 4,012","Rs. 6,640 - 7,378",-
Jadhav Colony,"Rs. 2,975 - 3,485/sq. ft.",1.37%  ,See Trends,-,-,-
Joveli Gaon,"Rs. 2,890 - 3,272/sq. ft.",1.41%  ,See Trends,-,-,-
Kailash Colony,"Rs. 3,188 - 3,952/sq. ft.",-,Not Available,-,-,-
Kalu Nagar,"Rs. 5,610 - 6,842/sq. ft.",-,Not Available,-,-,-
Kalwa,"Rs. 7,012 - 8,500/sq. ft.",0%     ,See Trends,"Rs. 9,286 - 11,241","Rs. 15,895 - 18,279",-
Kalyan (East),"Rs. 4,122 - 5,398/sq. ft.",-1.71%  ,See Trends,"Rs. 5,330 - 6,783","Rs. 9,792 - 11,424",-
Kalyan (West),"Rs. 5,355 - 6,205/sq. ft.",-1.46%  ,See Trends,"Rs. 7,021 - 8,526","Rs. 10,763 - 13,246","Rs. 14,763 - 18,170"
Kamlakar Nagar,"Rs. 3,230 - 3,570/sq. ft.",-,Not Available,-,-,-
Karjat,"Rs. 2,762 - 3,272/sq. ft.",0%     ,See Trends,"Rs. 3,631 - 4,085",-,-
Katemanivali,"Rs. 4,038 - 5,100/sq. ft.",-5.41%  ,See Trends,-,-,-
Katrap,"Rs. 3,188 - 3,698/sq. ft.",-4.76%  ,See Trends,"Rs. 3,147 - 4,720","Rs. 5,355 - 6,120",-
Khadakpada,"Rs. 5,525 - 6,418/sq. ft.",-1.42%  ,See Trends,"Rs. 7,021 - 8,024","Rs. 11,900 - 14,450","Rs. 16,660 - 17,850"
Kharegaon,"Rs. 5,992 - 7,480/sq. ft.",-0.64%  ,See Trends,"Rs. 9,775 - 11,241","Rs. 13,728 - 15,172",-
Kharvai,"Rs. 3,060 - 3,315/sq. ft.",-2.6%  ,See Trends,"Rs. 2,851 - 3,801",-,-
Khatiwali,"Rs. 2,720 - 3,528/sq. ft.",2.99%  ,See Trends,-,-,-
Khoni,"Rs. 6,502 - 7,650/sq. ft.",-,Not Available,-,-,-
Khopoli,"Rs. 3,230 - 3,612/sq. ft.",-1.2%  ,See Trends,"Rs. 4,786 - 5,264","Rs. 7,751 - 9,160",-
Khuntavali,"Rs. 3,272 - 4,038/sq. ft.",6.25%  ,See Trends,-,-,-
Kongaon,"Rs. 3,272 - 4,250/sq. ft.",-,Not Available,-,-,-
Kopargaon,"Rs. 5,398 - 6,460/sq. ft.",-,Not Available,-,-,-
Kulgaon,"Rs. 3,188 - 3,612/sq. ft.",-4.82%  ,See Trends,-,-,-
Kumbharkhan Pada,"Rs. 5,525 - 6,375/sq. ft.",-,Not Available,-,-,-
Maharashtra Nagar,"Rs. 5,355 - 6,588/sq. ft.",-,Not Available,-,-,-
Manda,"Rs. 3,442 - 4,080/sq. ft.",-3.16%  ,See Trends,-,-,-
Manjarli,"Rs. 3,060 - 3,740/sq. ft.",-5.95%  ,See Trends,"Rs. 3,737 - 4,270","Rs. 5,426 - 6,105",-
M I D C,"Rs. 5,270 - 6,332/sq. ft.",-,Not Available,-,-,-
Morivali,"Rs. 3,528 - 4,080/sq. ft.",3.45%  ,See Trends,-,-,-
Mumbra,"Rs. 2,805 - 4,038/sq. ft.",-1.25%  ,See Trends,-,-,-
Nandivali Gaon,"Rs. 3,188 - 3,698/sq. ft.",-,Not Available,-,-,-
Nandivali Panchanand,"Rs. 3,698 - 4,845/sq. ft.",-7%  ,See Trends,"Rs. 5,208 - 6,155",-,-
Nandivli,"Rs. 4,420 - 5,398/sq. ft.",-5%  ,See Trends,-,-,-
Navare Nagar,"Rs. 3,570 - 3,910/sq. ft.",-,Not Available,-,-,-
Neral,"Rs. 2,720 - 2,975/sq. ft.",-5.63%  ,See Trends,"Rs. 3,516 - 3,955",-,-
Nilje Gaon,"Rs. 4,845 - 5,398/sq. ft.",-1.63%  ,See Trends,"Rs. 7,472 - 8,468","Rs. 9,116 - 10,519","Rs. 11,426 - 13,184"
P And T Colony,"Rs. 4,802 - 6,205/sq. ft.",0%     ,See Trends,-,-,-
Pendse Nagar,"Rs. 5,568 - 6,842/sq. ft.",-,Not Available,-,-,-
Pisavli,"Rs. 3,442 - 4,038/sq. ft.",8.43%  ,See Trends,-,-,-
Radha Nagar,"Rs. 5,652 - 6,502/sq. ft.",-1.44%  ,See Trends,"Rs. 7,268 - 8,721",-,-
Rambaug,"Rs. 6,332 - 7,608/sq. ft.",10.67%  ,See Trends,"Rs. 7,012 - 8,415",-,-
Rameshwadi,"Rs. 3,060 - 3,825/sq. ft.",-6.9%  ,See Trends,-,-,-
Ranjnoli,"Rs. 4,972 - 5,482/sq. ft.",3.36%  ,See Trends,-,-,-
Sagaon,"Rs. 3,952 - 5,015/sq. ft.",-1.87%  ,See Trends,-,-,-
Sagarli,"Rs. 4,080 - 5,185/sq. ft.",5.71%  ,See Trends,"Rs. 3,825 - 4,590",-,-
Sahyadri Nagar,"Rs. 2,890 - 3,528/sq. ft.",5.8%  ,See Trends,-,-,-
Sangeeta Wadi,"Rs. 5,908 - 6,970/sq. ft.",-,Not Available,-,-,-
Shahad,"Rs. 4,420 - 6,715/sq. ft.",-3.52%  ,See Trends,-,-,-
Shahapur,"Rs. 2,678 - 3,272/sq. ft.",1.52%  ,See Trends,-,-,-
Shaninagar,"Rs. 3,018 - 3,358/sq. ft.",0%     ,See Trends,-,-,-
Shastri Nagar,"Rs. 5,950 - 6,545/sq. ft.",0%     ,See Trends,"Rs. 6,707 - 8,255",-,-
Shirgaon,"Rs. 3,060 - 3,570/sq. ft.",0%     ,See Trends,"Rs. 3,009 - 3,510","Rs. 5,040 - 5,760",-
Sonar Pada,"Rs. 3,910 - 4,802/sq. ft.",-2.8%  ,See Trends,-,-,-
Sonivali,"Rs. 3,442 - 3,825/sq. ft.",-2.3%  ,See Trends,"Rs. 3,302 - 3,774",-,-
Sunil Nagar,"Rs. 6,248 - 6,588/sq. ft.",-,Not Available,"Rs. 7,650 - 8,160",-,-
Thakurli,"Rs. 5,908 - 6,290/sq. ft.",0%     ,See Trends,"Rs. 7,521 - 8,595","Rs. 10,912 - 12,471",-
Thakurwadi,"Rs. 5,398 - 6,248/sq. ft.",-,Not Available,-,-,-
Themghar,"Rs. 3,910 - 5,312/sq. ft.",13%  ,See Trends,-,-,-
Tilak Nagar,-,-,Not Available,"Rs. 7,326 - 7,757",-,-
Tisgao Naka,"Rs. 4,335 - 5,568/sq. ft.",6.31%  ,See Trends,-,-,-
Titwala,"Rs. 3,485 - 4,208/sq. ft.",4.6%  ,See Trends,"Rs. 4,475 - 4,972","Rs. 6,474 - 8,092",-
Ulhasnagar,"Rs. 3,230 - 4,462/sq. ft.",-1.09%  ,See Trends,-,-,-
Usarghar Gaon,-,-,Not Available,-,"Rs. 6,647 - 10,635",-
Valivali Gaon,"Rs. 2,932 - 3,315/sq. ft.",2.82%  ,See Trends,-,-,-
Vangani,"Rs. 2,508 - 3,102/sq. ft.",3.23%  ,See Trends,"Rs. 2,514 - 3,352",-,-
Vasind,"Rs. 2,508 - 2,848/sq. ft.",4.92%  ,See Trends,"Rs. 2,535 - 3,380",-,-
Vishnunagar,"Rs. 6,205 - 7,438/sq. ft.",-7.1%  ,See Trends,"Rs. 7,650 - 9,180",-,-
Wayale Nagar,"Rs. 6,248 - 7,182/sq. ft.",1.34%  ,See Trends,"Rs. 7,459 - 8,453",-,-
Wayle Nagar,"Rs. 6,290 - 6,970/sq. ft.",1.28%  ,See Trends,"Rs. 7,568 - 8,650","Rs. 13,355 - 15,025",-
Yogidham,"Rs. 5,738 - 6,502/sq. ft.",2.14%  ,See Trends,"Rs. 8,024 - 9,027","Rs. 11,156 - 12,644",-
Mira Road And Beyond,,,,,,
Agashi,"Rs. 4,122 - 4,462/sq. ft.",7.29%  ,See Trends,-,-,-
Ambawadi,"Rs. 3,910 - 4,718/sq. ft.",1.01%  ,See Trends,-,-,-
Bevarly Park,"Rs. 7,778 - 8,670/sq. ft.",1.58%  ,See Trends,"Rs. 10,407 - 11,893","Rs. 14,083 - 17,048",-
Bhabola,"Rs. 5,610 - 6,418/sq. ft.",-2.11%  ,See Trends,-,-,-
Bhayander (East),"Rs. 7,268 - 8,245/sq. ft.",-3.7%  ,See Trends,"Rs. 9,873 - 11,160","Rs. 13,600 - 16,320",-
Bhayander (West),"Rs. 6,800 - 8,628/sq. ft.",0%     ,See Trends,"Rs. 8,479 - 11,305",-,-
Boisar,"Rs. 2,805 - 3,570/sq. ft.",8.45%  ,See Trends,"Rs. 3,565 - 4,357","Rs. 4,590 - 5,738",-
Bolinj,"Rs. 4,122 - 4,888/sq. ft.",-3.74%  ,See Trends,"Rs. 5,579 - 6,509",-,-
Chakradhar Nagar,"Rs. 4,038 - 4,802/sq. ft.",0%     ,See Trends,-,-,-
Chandansar,"Rs. 3,570 - 4,122/sq. ft.",-,Not Available,-,-,-
Chandan Shanti,"Rs. 8,245 - 9,265/sq. ft.",2.96%  ,See Trends,"Rs. 11,407 - 12,962","Rs. 14,603 - 17,524",-
Chikhal Dongari,"Rs. 4,250 - 4,548/sq. ft.",-8.11%  ,See Trends,"Rs. 5,152 - 5,620","Rs. 6,706 - 7,377",-
Dongarpada,"Rs. 3,868 - 4,378/sq. ft.",1.05%  ,See Trends,-,-,-
Fatherwadi,"Rs. 4,080 - 5,312/sq. ft.",-,Not Available,-,-,-
Geeta Nagar,"Rs. 7,225 - 8,202/sq. ft.",0.56%  ,See Trends,"Rs. 9,350 - 11,050",-,-
Ghodev,"Rs. 7,098 - 8,372/sq. ft.",-2.72%  ,See Trends,-,-,-
Gokul Township,"Rs. 4,548 - 5,100/sq. ft.",-5.13%  ,See Trends,"Rs. 5,324 - 6,212",-,-
Golani Naka,"Rs. 4,802 - 5,312/sq. ft.",-,Not Available,-,-,-
Hatkesh Udhog Nagar,"Rs. 7,225 - 7,990/sq. ft.",-2.19%  ,See Trends,"Rs. 10,285 - 12,155","Rs. 14,050 - 16,269",-
Indralok Phase 2,"Rs. 7,650 - 8,840/sq. ft.",-,Not Available,-,-,-
Indralok Phase 3,"Rs. 7,905 - 8,882/sq. ft.",3.13%  ,See Trends,-,-,-
Indralok Phase 4,"Rs. 7,990 - 8,288/sq. ft.",-,Not Available,-,-,-
Juchandra,"Rs. 3,995 - 4,590/sq. ft.",1.98%  ,See Trends,"Rs. 4,675 - 5,100",-,-
Kanakia Park,"Rs. 7,480 - 8,372/sq. ft.",6.18%  ,See Trends,"Rs. 10,752 - 11,688","Rs. 14,297 - 16,442",-
Kashigaon,"Rs. 7,352 - 8,798/sq. ft.",-,Not Available,-,-,-
Kashimira,"Rs. 6,928 - 8,542/sq. ft.",3.41%  ,See Trends,"Rs. 11,954 - 13,947","Rs. 14,244 - 15,601",-
Lakshmiben Chedda Nagar,"Rs. 4,420 - 5,142/sq. ft.",0.9%  ,See Trends,-,-,-
Mahajan Wadi,"Rs. 7,692 - 10,498/sq. ft.",0.45%  ,See Trends,-,"Rs. 16,456 - 20,196",-
Manickpur,"Rs. 5,312 - 6,078/sq. ft.",-,Not Available,-,-,-
Medetiya Nagar,"Rs. 7,650 - 8,245/sq. ft.",0%     ,See Trends,-,-,-
Mira Bhayandar,"Rs. 7,778 - 8,925/sq. ft.",2.59%  ,See Trends,"Rs. 10,948 - 12,376","Rs. 15,190 - 16,637","Rs. 15,827 - 18,201"
Miragaon,"Rs. 7,438 - 7,820/sq. ft.",1.68%  ,See Trends,-,-,-
Mira Road,"Rs. 7,735 - 8,628/sq. ft.",-0.52%  ,See Trends,"Rs. 10,397 - 11,815","Rs. 14,739 - 17,687","Rs. 19,653 - 21,525"
Mira Road East,"Rs. 7,735 - 8,585/sq. ft.",-1.04%  ,See Trends,"Rs. 10,528 - 11,964","Rs. 14,858 - 17,830","Rs. 20,081 - 21,994"
Morya Nagar,"Rs. 3,825 - 4,165/sq. ft.",0%     ,See Trends,"Rs. 4,797 - 5,233",-,-
Naigaon (East),"Rs. 4,505 - 5,228/sq. ft.",5.45%  ,See Trends,"Rs. 4,570 - 5,331","Rs. 6,162 - 7,395",-
Naigaon (West),"Rs. 3,825 - 4,250/sq. ft.",0%     ,See Trends,"Rs. 4,797 - 5,233",-,-
Nalasopara (West),"Rs. 3,825 - 4,292/sq. ft.",-2.08%  ,See Trends,"Rs. 4,675 - 5,100","Rs. 5,692 - 7,589",-
Nalasopara East,"Rs. 3,910 - 4,632/sq. ft.",2.06%  ,See Trends,"Rs. 4,712 - 5,569",-,-
Nallasopara,"Rs. 3,825 - 4,420/sq. ft.",0%     ,See Trends,"Rs. 4,675 - 5,100","Rs. 6,452 - 8,387",-
Naringi,"Rs. 3,102 - 4,122/sq. ft.",-,Not Available,-,-,-
Navghar Gaon,"Rs. 7,055 - 7,565/sq. ft.",0%     ,See Trends,-,-,-
Navghar Naka,"Rs. 6,588 - 7,862/sq. ft.",-,Not Available,-,-,-
Naya Nagar,"Rs. 7,310 - 8,288/sq. ft.",-7.07%  ,See Trends,"Rs. 11,220 - 13,558",-,-
Nilemore,"Rs. 3,825 - 4,250/sq. ft.",-2.06%  ,See Trends,"Rs. 4,610 - 5,448",-,-
Poonam Gardens,"Rs. 8,585 - 9,562/sq. ft.",0.94%  ,See Trends,"Rs. 12,431 - 12,928","Rs. 17,400 - 18,156",-
Poonam Sagar Complex,"Rs. 9,392 - 10,072/sq. ft.",2.22%  ,See Trends,"Rs. 10,970 - 11,783","Rs. 15,198 - 16,464",-
Pragati Nagar,"Rs. 4,930 - 5,482/sq. ft.",-0.81%  ,See Trends,-,-,-
Ramdev Park,"Rs. 7,608 - 8,288/sq. ft.",-1.6%  ,See Trends,"Rs. 9,464 - 11,954","Rs. 11,888 - 15,190",-
Sector-9 Shanti Nagar,"Rs. 7,395 - 8,585/sq. ft.",-,Not Available,-,-,-
Shanti Nagar,"Rs. 7,948 - 8,925/sq. ft.",-3.9%  ,See Trends,"Rs. 8,119 - 9,134",-,-
Shanti Park,"Rs. 8,458 - 9,775/sq. ft.",6.86%  ,See Trends,"Rs. 10,817 - 12,878",-,-
Sheetal Nagar,"Rs. 7,522 - 8,968/sq. ft.",0%     ,See Trends,"Rs. 10,282 - 11,138","Rs. 13,464 - 14,688",-
Shrishti,-,-,Not Available,"Rs. 10,625 - 11,050","Rs. 17,478 - 18,998",-
Sriprastha,"Rs. 3,868 - 4,802/sq. ft.",-6.36%  ,See Trends,-,-,-
Suyog Nagar,"Rs. 6,035 - 6,502/sq. ft.",-,Not Available,-,-,-
Tirupati Nagar,"Rs. 5,058 - 5,822/sq. ft.",2.44%  ,See Trends,-,-,-
Umelman,"Rs. 5,610 - 6,418/sq. ft.",0%     ,See Trends,-,-,-
Vasai,"Rs. 4,972 - 5,695/sq. ft.",2.48%  ,See Trends,"Rs. 6,545 - 7,948","Rs. 10,200 - 11,560",-
Vasai East,"Rs. 4,888 - 5,355/sq. ft.",3.45%  ,See Trends,"Rs. 6,545 - 7,012","Rs. 10,200 - 10,880",-
Vasai West,"Rs. 5,652 - 6,588/sq. ft.",-0.7%  ,See Trends,"Rs. 7,194 - 8,543","Rs. 10,838 - 13,728","Rs. 10,208 - 16,334"
Vasant Nagari,"Rs. 4,760 - 5,440/sq. ft.",0.84%  ,See Trends,-,-,-
Vijay Park,"Rs. 8,415 - 8,925/sq. ft.",0%     ,See Trends,"Rs. 9,724 - 11,934",-,-
Vinay Nagar,"Rs. 7,480 - 8,288/sq. ft.",-2.13%  ,See Trends,"Rs. 11,144 - 13,082","Rs. 16,031 - 19,516",-
Virar,"Rs. 4,335 - 4,930/sq. ft.",0.93%  ,See Trends,"Rs. 5,105 - 6,033","Rs. 6,672 - 7,340","Rs. 7,459 - 9,116"
Virar East,"Rs. 3,655 - 4,462/sq. ft.",0%     ,See Trends,"Rs. 3,816 - 4,961",-,-
Virar West,"Rs. 4,378 - 4,972/sq. ft.",0.93%  ,See Trends,"Rs. 5,105 - 6,033","Rs. 6,672 - 7,340","Rs. 7,459 - 9,116"
Virat Nagar,"Rs. 5,058 - 5,865/sq. ft.",6.61%  ,See Trends,-,-,-
Y K Nagar,"Rs. 5,015 - 5,482/sq. ft.",0%     ,See Trends,"Rs. 6,188 - 7,140","Rs. 7,863 - 9,293",-
Mumbai Andheri-Dahisar,,,,,,
4 Bunglows,"Rs. 21,548 - 25,628/sq. ft.",4.59%  ,See Trends,"Rs. 27,582 - 32,258","Rs. 49,300 - 56,100",-
Aarey Milk Colony,"Rs. 7,182 - 8,118/sq. ft.",2.29%  ,See Trends,"Rs. 16,034 - 18,261","Rs. 19,671 - 24,419","Rs. 24,868 - 29,012"
Ajit Nagar,-,-,Not Available,"Rs. 22,984 - 27,846","Rs. 29,580 - 38,824",-
Akurli Nagar,"Rs. 18,232 - 18,658/sq. ft.",-2.04%  ,See Trends,-,"Rs. 32,487 - 35,819",-
Alika Nagar,"Rs. 14,408 - 15,980/sq. ft.",6.57%  ,See Trends,"Rs. 13,940 - 15,300","Rs. 26,982 - 29,594","Rs. 29,631 - 31,748"
Amboli,"Rs. 16,872 - 20,358/sq. ft.",-8.09%  ,See Trends,"Rs. 21,420 - 25,245","Rs. 38,378 - 46,053","Rs. 53,137 - 60,068"
Andheri (East),"Rs. 15,385 - 18,232/sq. ft.",0.77%  ,See Trends,"Rs. 24,310 - 28,050","Rs. 36,914 - 42,412","Rs. 51,245 - 58,718"
Andheri (West),"Rs. 20,230 - 24,990/sq. ft.",1.53%  ,See Trends,"Rs. 27,582 - 33,192","Rs. 44,132 - 52,156","Rs. 67,830 - 89,250"
Andheri MIDC,"Rs. 14,748 - 17,128/sq. ft.",1.12%  ,See Trends,"Rs. 13,568 - 17,697","Rs. 37,952 - 40,989",-
Aram Nagar,"Rs. 25,032 - 29,070/sq. ft.",-,Not Available,-,"Rs. 47,287 - 52,714",-
Asha Nagar,"Rs. 15,088 - 16,702/sq. ft.",-3.14%  ,See Trends,"Rs. 17,425 - 19,550","Rs. 26,653 - 30,354",-
Ashok Nagar Kandivali,"Rs. 16,320 - 18,955/sq. ft.",4.64%  ,See Trends,"Rs. 15,895 - 17,765",-,-
Azad Nagar,"Rs. 17,000 - 19,762/sq. ft.",3.57%  ,See Trends,"Rs. 25,245 - 29,452","Rs. 39,448 - 44,863","Rs. 51,935 - 60,775"
Babhai,"Rs. 15,682 - 17,892/sq. ft.",-2.93%  ,See Trends,"Rs. 15,002 - 17,840",-,-
Bander Pakhadi,"Rs. 13,218 - 15,342/sq. ft.",-,Not Available,-,-,-
Bangur Nagar,"Rs. 16,575 - 20,442/sq. ft.",5.12%  ,See Trends,"Rs. 19,635 - 22,440","Rs. 30,039 - 38,734",-
Best Nagar,"Rs. 15,088 - 17,722/sq. ft.",5.57%  ,See Trends,"Rs. 19,625 - 21,134",-,-
Bhagat Colony,"Rs. 14,705 - 17,000/sq. ft.",-0.83%  ,See Trends,-,-,-
Borivali (East),"Rs. 15,172 - 17,382/sq. ft.",0.79%  ,See Trends,"Rs. 15,428 - 19,168","Rs. 26,010 - 30,600","Rs. 39,046 - 46,145"
Borivali (West),"Rs. 15,852 - 18,232/sq. ft.",0%     ,See Trends,"Rs. 16,150 - 18,700","Rs. 24,157 - 28,298","Rs. 32,640 - 40,800"
Chakala,"Rs. 18,020 - 20,910/sq. ft.",4.43%  ,See Trends,"Rs. 18,576 - 22,367","Rs. 38,270 - 47,838","Rs. 59,979 - 67,803"
Charkop,"Rs. 12,325 - 14,068/sq. ft.",4.75%  ,See Trends,"Rs. 15,895 - 17,765","Rs. 21,675 - 24,565","Rs. 27,081 - 32,096"
Chikuwadi,"Rs. 14,960 - 17,340/sq. ft.",-0.52%  ,See Trends,"Rs. 15,116 - 16,667","Rs. 26,222 - 29,583",-
Chincholi Bunder,"Rs. 14,535 - 16,108/sq. ft.",2.29%  ,See Trends,"Rs. 22,440 - 24,310","Rs. 31,104 - 36,891","Rs. 41,990 - 51,935"
Chincholi Phatak,-,-,Not Available,-,"Rs. 26,520 - 31,960",-
Churi Wadi,-,-,Not Available,-,"Rs. 39,750 - 46,516",-
Dahanukar Wadi,"Rs. 14,620 - 15,852/sq. ft.",-7.29%  ,See Trends,-,"Rs. 26,625 - 31,821",-
Dahisar,"Rs. 10,965 - 13,430/sq. ft.",1.42%  ,See Trends,"Rs. 13,939 - 15,288","Rs. 18,337 - 21,733","Rs. 29,155 - 34,361"
Dahisar (East),"Rs. 10,540 - 12,750/sq. ft.",0.37%  ,See Trends,"Rs. 13,040 - 14,838","Rs. 17,085 - 19,135","Rs. 29,155 - 29,155"
Dahisar (West),"Rs. 13,898 - 15,895/sq. ft.",2.92%  ,See Trends,"Rs. 14,866 - 16,218","Rs. 20,816 - 22,831","Rs. 32,454 - 35,404"
Dattaguru Nagar,"Rs. 18,360 - 20,272/sq. ft.",-,Not Available,-,"Rs. 41,813 - 48,246",-
Dattapada,"Rs. 16,872 - 19,422/sq. ft.",-1.17%  ,See Trends,-,"Rs. 25,288 - 29,622",-
Daulat Nagar,"Rs. 14,790 - 15,938/sq. ft.",0.28%  ,See Trends,-,-,-
Devipada,"Rs. 13,558 - 14,875/sq. ft.",0%     ,See Trends,-,"Rs. 30,302 - 35,190","Rs. 35,572 - 45,900"
Dindoshi,"Rs. 13,940 - 16,320/sq. ft.",-4.59%  ,See Trends,"Rs. 21,583 - 26,275","Rs. 39,335 - 41,900","Rs. 42,281 - 51,182"
DN Nagar,"Rs. 20,102 - 22,142/sq. ft.",5.34%  ,See Trends,"Rs. 22,100 - 26,775","Rs. 38,250 - 42,075","Rs. 66,555 - 80,325"
Dominic Colony,"Rs. 17,128 - 19,380/sq. ft.",-,Not Available,-,-,-
Eksar,"Rs. 16,065 - 18,530/sq. ft.",6.58%  ,See Trends,"Rs. 16,830 - 18,700","Rs. 22,032 - 26,163","Rs. 38,964 - 41,886"
Ekta Nagar,"Rs. 10,455 - 11,432/sq. ft.",-4.81%  ,See Trends,"Rs. 11,152 - 12,198",-,-
Evershine Nagar,"Rs. 14,408 - 16,490/sq. ft.",1.15%  ,See Trends,"Rs. 18,924 - 20,645","Rs. 29,073 - 32,800","Rs. 34,709 - 44,917"
Film City Road,"Rs. 13,600 - 15,428/sq. ft.",2.11%  ,See Trends,"Rs. 21,505 - 25,245","Rs. 34,000 - 37,400","Rs. 46,750 - 56,100"
Gilbert Hill,"Rs. 14,110 - 16,108/sq. ft.",-,Not Available,-,"Rs. 35,198 - 40,109",-
Gokuldham,"Rs. 13,600 - 15,938/sq. ft.",-1.99%  ,See Trends,"Rs. 21,038 - 23,842","Rs. 31,977 - 37,026","Rs. 51,518 - 65,076"
Gokuldham Colony,"Rs. 15,640 - 18,828/sq. ft.",-,Not Available,-,"Rs. 37,537 - 41,029",-
Gokul Heven,-,-,Not Available,"Rs. 17,986 - 19,335",-,-
Gorai,"Rs. 13,472 - 15,428/sq. ft.",2.37%  ,See Trends,-,-,-
Gorai 2,"Rs. 12,962 - 14,960/sq. ft.",0.94%  ,See Trends,-,-,-
Goregaon (East),"Rs. 14,662 - 18,062/sq. ft.",3.24%  ,See Trends,"Rs. 19,737 - 23,409","Rs. 32,300 - 37,952","Rs. 65,280 - 78,880"
Goregaon (West),"Rs. 15,045 - 17,808/sq. ft.",0.26%  ,See Trends,"Rs. 20,570 - 24,310","Rs. 33,735 - 39,102","Rs. 48,620 - 57,460"
Govind Nagar,"Rs. 14,790 - 17,000/sq. ft.",-,Not Available,-,-,-
Gundavali Gaothan,"Rs. 15,045 - 17,170/sq. ft.",2.22%  ,See Trends,-,-,-
Hanuman Nagar,"Rs. 12,368 - 14,748/sq. ft.",-,Not Available,-,-,-
Hemu Colony,"Rs. 14,408 - 15,428/sq. ft.",-,Not Available,-,-,-
Huzefa Nagar,"Rs. 15,172 - 17,680/sq. ft.",11.21%  ,See Trends,-,"Rs. 23,842 - 26,010",-
I C Colony,"Rs. 15,385 - 17,000/sq. ft.",2.93%  ,See Trends,"Rs. 13,872 - 16,040","Rs. 22,398 - 26,010","Rs. 28,326 - 32,895"
Irani Wadi,"Rs. 14,662 - 16,405/sq. ft.",5.22%  ,See Trends,"Rs. 17,654 - 19,296",-,-
Jankalyan Nagar,"Rs. 12,240 - 13,982/sq. ft.",2.3%  ,See Trends,"Rs. 16,830 - 19,168","Rs. 24,067 - 27,713","Rs. 31,117 - 33,062"
Jawahar Nagar,"Rs. 14,662 - 17,042/sq. ft.",-0.54%  ,See Trends,"Rs. 18,778 - 22,355","Rs. 30,067 - 33,922","Rs. 37,520 - 45,632"
Jay Prakash Nagar,"Rs. 16,702 - 18,998/sq. ft.",0.72%  ,See Trends,"Rs. 15,342 - 20,188","Rs. 31,238 - 33,469","Rs. 39,971 - 44,412"
J B Nagar,"Rs. 16,022 - 19,338/sq. ft.",-4.85%  ,See Trends,"Rs. 24,749 - 27,309","Rs. 36,125 - 43,350","Rs. 54,060 - 56,100"
Jeevan Nagar,-,-,Not Available,-,"Rs. 40,906 - 46,856",-
Jogeshwari (East),"Rs. 20,782 - 24,395/sq. ft.",-2.94%  ,See Trends,"Rs. 20,808 - 24,072","Rs. 31,790 - 37,570","Rs. 61,962 - 67,510"
Jogeshwari (West),"Rs. 14,960 - 17,298/sq. ft.",3.54%  ,See Trends,"Rs. 21,857 - 25,183","Rs. 33,808 - 37,833","Rs. 47,116 - 51,212"
Juhu Lane,-,-,Not Available,"Rs. 27,200 - 29,750","Rs. 46,367 - 60,195",-
JVLR,"Rs. 15,640 - 18,700/sq. ft.",1.3%  ,See Trends,"Rs. 21,372 - 23,886","Rs. 38,818 - 44,363","Rs. 50,167 - 54,026"
Kajupada,"Rs. 10,370 - 12,495/sq. ft.",6.2%  ,See Trends,-,-,-
Kanakiya,-,-,Not Available,-,"Rs. 28,458 - 32,727",-
Kanchpada,-,-,Not Available,"Rs. 18,597 - 22,889",-,"Rs. 58,943 - 68,112"
Kandarpada,"Rs. 13,728 - 15,172/sq. ft.",5.2%  ,See Trends,"Rs. 14,470 - 15,827","Rs. 19,921 - 21,206",-
Kandivali (East),"Rs. 14,492 - 16,745/sq. ft.",0.82%  ,See Trends,"Rs. 16,807 - 18,962","Rs. 24,854 - 29,240","Rs. 31,620 - 37,740"
Kandivali (West),"Rs. 13,260 - 16,150/sq. ft.",0.29%  ,See Trends,"Rs. 16,214 - 19,456","Rs. 24,347 - 28,774","Rs. 36,720 - 42,840"
Kanti Nagar,-,-,Not Available,"Rs. 25,024 - 27,761",-,-
Kasam Baug,"Rs. 14,450 - 16,320/sq. ft.",-,Not Available,-,"Rs. 31,858 - 37,433","Rs. 43,637 - 50,527"
Kastur Park,"Rs. 17,000 - 19,508/sq. ft.",-,Not Available,-,-,-
Ketkipada,"Rs. 8,118 - 10,030/sq. ft.",4.69%  ,See Trends,-,-,-
Kharodi,-,-,Not Available,-,"Rs. 21,243 - 22,571",-
Koldongri,"Rs. 21,632 - 25,118/sq. ft.",0.55%  ,See Trends,"Rs. 27,854 - 33,137",-,-
Kulupwadi,"Rs. 16,235 - 19,338/sq. ft.",4.58%  ,See Trends,"Rs. 18,017 - 18,896","Rs. 25,823 - 30,988",-
Kurar Village,"Rs. 10,710 - 11,942/sq. ft.",-4.78%  ,See Trends,"Rs. 16,218 - 19,372",-,-
Liberty Garden,"Rs. 15,768 - 18,148/sq. ft.",3.91%  ,See Trends,"Rs. 20,774 - 22,542","Rs. 25,160 - 32,708",-
LIC Colony,"Rs. 14,790 - 16,490/sq. ft.",-,Not Available,-,-,-
Link Road,"Rs. 16,872 - 22,482/sq. ft.",3.43%  ,See Trends,"Rs. 22,131 - 25,979",-,-
Lokhandwala Andheri West,"Rs. 21,038 - 24,905/sq. ft.",-2.19%  ,See Trends,"Rs. 31,059 - 36,975","Rs. 46,028 - 54,102","Rs. 67,830 - 80,920"
Lokhandwala Kandivali East,"Rs. 13,218 - 14,578/sq. ft.",3.14%  ,See Trends,"Rs. 16,085 - 18,202","Rs. 25,059 - 27,484","Rs. 29,631 - 31,748"
Madh,"Rs. 14,620 - 16,235/sq. ft.",-,Not Available,-,-,-
Mahakali Caves,"Rs. 15,682 - 17,765/sq. ft.",-0.25%  ,See Trends,"Rs. 23,328 - 25,873","Rs. 32,092 - 37,084",-
Maharashtra Nagar,"Rs. 15,385 - 15,980/sq. ft.",-,Not Available,"Rs. 18,829 - 19,795","Rs. 27,601 - 29,901",-
Mahavir Nagar,"Rs. 16,915 - 19,295/sq. ft.",-3.41%  ,See Trends,"Rs. 19,074 - 20,374","Rs. 31,086 - 34,119","Rs. 42,873 - 45,864"
Mahesh Nagar,"Rs. 20,740 - 22,950/sq. ft.",2.6%  ,See Trends,-,"Rs. 45,486 - 54,737","Rs. 58,426 - 65,729"
Malad (East),"Rs. 13,642 - 16,022/sq. ft.",-0.56%  ,See Trends,"Rs. 18,850 - 23,786","Rs. 34,989 - 39,256","Rs. 44,890 - 52,372"
Malad (West),"Rs. 14,280 - 17,000/sq. ft.",1.4%  ,See Trends,"Rs. 18,680 - 22,324","Rs. 31,916 - 37,235","Rs. 42,947 - 51,128"
Malvani,-,-,Not Available,"Rs. 14,657 - 18,729","Rs. 31,702 - 35,476",-
Mamletdar Wadi,-,-,Not Available,"Rs. 17,139 - 20,056",-,-
Marol,"Rs. 15,385 - 17,638/sq. ft.",2.65%  ,See Trends,"Rs. 26,670 - 30,695","Rs. 37,145 - 43,605","Rs. 53,040 - 60,775"
Marve Road,"Rs. 14,195 - 17,468/sq. ft.",3.45%  ,See Trends,"Rs. 16,277 - 20,450","Rs. 32,456 - 36,985",-
Milat Nagar,"Rs. 23,248 - 26,350/sq. ft.",-,Not Available,-,"Rs. 45,570 - 52,581","Rs. 69,062 - 73,312"
Mindspace,"Rs. 17,340 - 19,848/sq. ft.",-6.02%  ,See Trends,"Rs. 22,532 - 23,970","Rs. 39,658 - 43,789","Rs. 51,447 - 57,271"
Mitha Nagar,"Rs. 14,705 - 16,278/sq. ft.",-0.83%  ,See Trends,-,"Rs. 29,758 - 33,726",-
Motilal Nagar I,"Rs. 14,578 - 14,578/sq. ft.",0%     ,See Trends,-,-,-
Motilal Nagar II,"Rs. 14,280 - 15,640/sq. ft.",-4.4%  ,See Trends,"Rs. 24,619 - 26,040","Rs. 31,238 - 33,788","Rs. 33,466 - 35,435"
Mulji Nagar,-,-,Not Available,"Rs. 15,717 - 16,867",-,-
Natwar Nagar,"Rs. 16,320 - 18,615/sq. ft.",0.96%  ,See Trends,-,-,-
Navneeth Colony,-,-,Not Available,-,"Rs. 42,412 - 45,553",-
Navy Colony,"Rs. 15,002 - 17,042/sq. ft.",2.68%  ,See Trends,"Rs. 22,052 - 23,491",-,-
Nensey Colony,"Rs. 14,748 - 17,298/sq. ft.",-4.92%  ,See Trends,"Rs. 14,960 - 15,895","Rs. 22,950 - 26,775",-
Nl Complex,"Rs. 13,472 - 14,662/sq. ft.",0%     ,See Trends,"Rs. 13,544 - 15,292",-,-
Orlem,"Rs. 15,258 - 17,000/sq. ft.",7.37%  ,See Trends,"Rs. 17,251 - 19,775","Rs. 26,224 - 29,866",-
Oshiwara,"Rs. 16,235 - 20,782/sq. ft.",-5.02%  ,See Trends,"Rs. 20,358 - 23,208","Rs. 39,942 - 49,724","Rs. 64,090 - 87,508"
Pandurang Wadi,"Rs. 15,470 - 17,680/sq. ft.",-,Not Available,"Rs. 20,311 - 22,568","Rs. 28,050 - 31,238",-
Patel Nagar,"Rs. 15,342 - 17,850/sq. ft.",-,Not Available,-,-,-
Pimpripada,-,-,Not Available,-,"Rs. 28,036 - 30,250",-
Poonam Nagar,-,-,Not Available,"Rs. 21,025 - 23,498","Rs. 34,354 - 38,648",-
Pushpa Park,"Rs. 14,875 - 16,660/sq. ft.",-,Not Available,-,-,-
Raheja Estate,"Rs. 16,448 - 19,848/sq. ft.",-0.96%  ,See Trends,-,-,-
Rajan Pada,-,-,Not Available,-,"Rs. 35,620 - 38,718",-
Rajendra Nagar,"Rs. 16,490 - 18,870/sq. ft.",-4.16%  ,See Trends,-,"Rs. 25,585 - 28,509",-
Raje Shivaji Nagar,"Rs. 14,620 - 15,980/sq. ft.",-,Not Available,"Rs. 23,800 - 25,925","Rs. 33,861 - 38,277",-
Ratan Nagar,-,-,Not Available,"Rs. 26,648 - 30,388","Rs. 37,188 - 41,650",-
Rawalpada,"Rs. 11,092 - 12,962/sq. ft.",-2.77%  ,See Trends,"Rs. 13,597 - 15,351","Rs. 18,192 - 20,701",-
Safed Pul,-,-,Not Available,-,"Rs. 32,445 - 38,776",-
Saibaba Nagar,"Rs. 15,385 - 18,488/sq. ft.",4.27%  ,See Trends,"Rs. 14,858 - 16,422",-,-
Sai Wadi,"Rs. 20,910 - 22,228/sq. ft.",-,Not Available,-,-,-
Sakinaka,"Rs. 13,175 - 15,258/sq. ft.",-7.06%  ,See Trends,"Rs. 24,990 - 29,070","Rs. 36,567 - 42,255","Rs. 49,123 - 54,835"
Saki Vihar,-,-,Not Available,"Rs. 23,106 - 28,995",-,-
Samta Nagar,"Rs. 12,070 - 14,365/sq. ft.",1.67%  ,See Trends,-,"Rs. 20,936 - 20,936",-
Sankalp Colony,"Rs. 16,915 - 18,190/sq. ft.",0%     ,See Trends,"Rs. 24,786 - 28,917",-,-
Satya Nagar,"Rs. 14,960 - 17,680/sq. ft.",-,Not Available,"Rs. 16,484 - 18,494",-,-
Sector-8 Charkop,"Rs. 12,112 - 13,302/sq. ft.",1.69%  ,See Trends,"Rs. 16,362 - 17,298","Rs. 21,739 - 23,141",-
Sector-9 Charkop,"Rs. 11,390 - 12,325/sq. ft.",-2.46%  ,See Trends,"Rs. 15,020 - 16,958","Rs. 20,583 - 22,712",-
Sector 1 Charkop,"Rs. 13,048 - 14,705/sq. ft.",-,Not Available,"Rs. 14,492 - 17,298",-,-
Sector 2 Charkop,"Rs. 11,942 - 13,728/sq. ft.",5.21%  ,See Trends,"Rs. 15,286 - 18,153","Rs. 20,558 - 22,685",-
Sector 3 Charkop,"Rs. 13,132 - 15,130/sq. ft.",0%     ,See Trends,"Rs. 14,845 - 17,390","Rs. 20,135 - 23,011",-
Sector 5 Charkop,"Rs. 12,792 - 14,535/sq. ft.",-,Not Available,-,"Rs. 22,398 - 24,565",-
Sector 6 Charkop,"Rs. 12,792 - 13,728/sq. ft.",-,Not Available,-,-,-
Seven Bunglow,"Rs. 22,100 - 25,542/sq. ft.",3.15%  ,See Trends,"Rs. 33,079 - 36,434","Rs. 45,553 - 54,193","Rs. 59,670 - 71,825"
Shankar Pada,"Rs. 16,958 - 19,762/sq. ft.",-,Not Available,-,-,-
Shanti Nagar,"Rs. 13,048 - 15,428/sq. ft.",2.35%  ,See Trends,-,-,-
Shantivan Complex Colony,-,-,Not Available,-,"Rs. 22,185 - 25,245",-
Shastri Nagar,"Rs. 23,162 - 25,882/sq. ft.",-0.17%  ,See Trends,"Rs. 29,070 - 36,720","Rs. 44,719 - 51,780","Rs. 80,057 - 97,300"
Sher E Punjab Colony,"Rs. 14,748 - 17,000/sq. ft.",0.84%  ,See Trends,"Rs. 21,845 - 24,466","Rs. 31,790 - 33,958","Rs. 42,711 - 49,506"
Shimpoli,"Rs. 16,532 - 17,808/sq. ft.",-5.44%  ,See Trends,"Rs. 18,700 - 20,570","Rs. 25,764 - 29,444",-
Shivaji Nagar,"Rs. 16,618 - 18,062/sq. ft.",-,Not Available,-,-,-
Siddharth Nagar,"Rs. 13,175 - 15,258/sq. ft.",0.89%  ,See Trends,"Rs. 18,784 - 21,075","Rs. 30,394 - 33,594","Rs. 36,506 - 45,632"
Somwari Bazar,"Rs. 14,492 - 16,405/sq. ft.",1.39%  ,See Trends,-,-,-
Subhash Nagar,"Rs. 15,810 - 17,298/sq. ft.",-,Not Available,"Rs. 26,918 - 27,846","Rs. 31,862 - 33,278",-
Sunder Nagar,"Rs. 17,552 - 20,315/sq. ft.",7.61%  ,See Trends,"Rs. 25,814 - 27,275","Rs. 30,775 - 32,206",-
Sundervan Complex,"Rs. 22,398 - 25,968/sq. ft.",-6.09%  ,See Trends,"Rs. 31,620 - 33,660","Rs. 45,815 - 61,642",-
Suresh Nagar,-,-,Not Available,"Rs. 25,888 - 32,120","Rs. 36,544 - 40,843",-
SV Patel Nagar,"Rs. 17,212 - 19,635/sq. ft.",0.93%  ,See Trends,-,"Rs. 43,653 - 52,714","Rs. 54,315 - 60,833"
Tarun Bharat Nagar,-,-,Not Available,"Rs. 23,426 - 29,172",-,-
Thakur Complex,"Rs. 13,642 - 15,215/sq. ft.",-2.87%  ,See Trends,"Rs. 16,291 - 18,493","Rs. 26,732 - 30,345","Rs. 34,425 - 43,605"
Thakur Village,"Rs. 15,598 - 17,680/sq. ft.",0%     ,See Trends,"Rs. 18,600 - 20,814","Rs. 27,358 - 31,678","Rs. 34,332 - 38,255"
Umershetpada,-,-,Not Available,"Rs. 25,152 - 26,981",-,-
Upper Govind Nagar,"Rs. 15,215 - 16,320/sq. ft.",3.56%  ,See Trends,"Rs. 21,658 - 24,752","Rs. 31,450 - 36,550","Rs. 37,628 - 45,375"
Ushma Nagar,"Rs. 17,978 - 18,190/sq. ft.",0%     ,See Trends,-,-,"Rs. 40,356 - 45,278"
Vaishali Nagar,"Rs. 11,220 - 12,368/sq. ft.",2.59%  ,See Trends,-,-,-
Vazira,"Rs. 16,192 - 18,742/sq. ft.",2.51%  ,See Trends,-,"Rs. 22,603 - 27,548",-
Veera Desai Road,"Rs. 17,808 - 19,508/sq. ft.",-1.78%  ,See Trends,"Rs. 27,115 - 30,855","Rs. 42,595 - 47,328","Rs. 48,396 - 57,195"
Versova,"Rs. 21,802 - 25,968/sq. ft.",3.35%  ,See Trends,"Rs. 30,042 - 35,764","Rs. 46,687 - 57,151","Rs. 63,250 - 77,306"
Vijay Nagar,-,-,Not Available,"Rs. 21,094 - 24,449",-,-
Vishveshwar Nagar,-,-,Not Available,"Rs. 22,074 - 24,990","Rs. 43,630 - 45,135",-
Yadav Nagar,-,-,Not Available,"Rs. 27,200 - 29,750","Rs. 46,367 - 60,195",-
Yamuna Nagar,"Rs. 21,250 - 22,525/sq. ft.",-,Not Available,-,"Rs. 43,658 - 48,668","Rs. 65,306 - 81,381"
Yari Road,"Rs. 18,530 - 23,375/sq. ft.",0%     ,See Trends,"Rs. 28,050 - 36,210","Rs. 42,798 - 50,872","Rs. 68,510 - 81,685"
Yashodham,-,-,Not Available,"Rs. 20,400 - 23,800","Rs. 31,725 - 39,103","Rs. 47,515 - 59,670"
Yogi Nagar,"Rs. 16,660 - 18,828/sq. ft.",0.96%  ,See Trends,"Rs. 17,404 - 20,974",-,-
Mumbai South West,,,,,,
Bandra (East),"Rs. 24,778 - 31,195/sq. ft.",-3.52%  ,See Trends,-,"Rs. 62,583 - 72,279","Rs. 1,07,686 - 1,31,325"
Bandra (West),"Rs. 32,980 - 39,695/sq. ft.",-2.61%  ,See Trends,"Rs. 46,410 - 55,080","Rs. 68,000 - 83,300","Rs. 1,07,440 - 1,42,800"
Bandra Kurla Complex,"Rs. 23,928 - 27,328/sq. ft.",-3.44%  ,See Trends,-,"Rs. 71,537 - 82,685","Rs. 95,051 - 1,11,527"
Band Stand,-,-,Not Available,"Rs. 44,200 - 49,300","Rs. 66,938 - 77,648","Rs. 1,07,528 - 1,36,971"
Chuim,-,-,Not Available,-,"Rs. 79,475 - 92,480",-
Gandhi Nagar,"Rs. 30,345 - 31,918/sq. ft.",-,Not Available,-,-,"Rs. 1,47,084 - 1,55,652"
Gulmohar Colony,"Rs. 35,062 - 39,440/sq. ft.",-,Not Available,-,-,"Rs. 99,008 - 1,21,856"
Hill Road,-,-,Not Available,"Rs. 38,556 - 49,028","Rs. 66,619 - 73,725",-
Juhu,"Rs. 35,360 - 41,608/sq. ft.",1.93%  ,See Trends,"Rs. 38,250 - 47,430","Rs. 66,509 - 85,394","Rs. 1,21,558 - 1,49,922"
Juhu Scheme,"Rs. 36,168 - 39,440/sq. ft.",4.04%  ,See Trends,"Rs. 35,190 - 42,228","Rs. 67,320 - 76,500","Rs. 1,22,645 - 1,55,861"
Jvpd Scheme,"Rs. 35,615 - 41,480/sq. ft.",0.22%  ,See Trends,-,-,"Rs. 1,61,519 - 1,99,426"
Kala Nagar,-,-,Not Available,-,"Rs. 42,589 - 54,979","Rs. 88,145 - 1,19,255"
Kalina,"Rs. 17,468 - 20,868/sq. ft.",-8.72%  ,See Trends,"Rs. 27,115 - 31,552","Rs. 40,460 - 48,408","Rs. 59,528 - 67,600"
Khar,"Rs. 33,448 - 38,165/sq. ft.",-2.86%  ,See Trends,"Rs. 42,330 - 50,490","Rs. 69,700 - 85,000","Rs. 1,05,332 - 1,32,982"
Khar West,"Rs. 33,490 - 37,995/sq. ft.",-2.97%  ,See Trends,"Rs. 40,800 - 48,450","Rs. 70,550 - 85,000","Rs. 1,05,332 - 1,32,982"
Kherwadi,-,-,Not Available,-,"Rs. 49,980 - 59,976",-
Mahim (West),"Rs. 25,118 - 30,982/sq. ft.",5.37%  ,See Trends,"Rs. 34,595 - 38,802","Rs. 54,145 - 64,141",-
Mount Mary,-,-,Not Available,"Rs. 56,100 - 72,420",-,-
Pali Hill,"Rs. 32,342 - 40,715/sq. ft.",-2.93%  ,See Trends,"Rs. 51,000 - 60,180","Rs. 69,700 - 91,800","Rs. 1,21,125 - 1,51,725"
Reclamation,-,-,Not Available,"Rs. 46,410 - 52,530",-,-
Santacruz (East),"Rs. 18,488 - 20,698/sq. ft.",-3.37%  ,See Trends,"Rs. 26,180 - 29,452","Rs. 40,460 - 46,962","Rs. 62,688 - 71,188"
Santacruz (West),"Rs. 28,942 - 35,700/sq. ft.",4.19%  ,See Trends,"Rs. 34,680 - 42,840","Rs. 59,479 - 71,374","Rs. 99,450 - 1,21,125"
Sunder Nagar,-,-,Not Available,"Rs. 31,788 - 38,238",-,-
Union Park,-,-,Not Available,-,"Rs. 63,750 - 77,350",-
Vakola,"Rs. 18,615 - 20,102/sq. ft.",3.41%  ,See Trends,"Rs. 25,245 - 30,855","Rs. 40,698 - 48,552","Rs. 63,139 - 72,770"
Vidya Nagari,-,-,Not Available,"Rs. 29,723 - 34,037","Rs. 40,266 - 51,107",-
Vile Parle (East),"Rs. 25,160 - 28,985/sq. ft.",-0.47%  ,See Trends,"Rs. 32,258 - 36,168","Rs. 47,685 - 54,910","Rs. 66,576 - 76,819"
Vile Parle (West),"Rs. 28,560 - 32,895/sq. ft.",-0.14%  ,See Trends,"Rs. 30,388 - 35,530","Rs. 54,544 - 63,240","Rs. 83,776 - 94,248"
Waterfield Road,-,-,Not Available,-,"Rs. 65,056 - 81,320",-
Central Mumbai suburbs,,,,,,
Amar Nagar,-,-,Not Available,"Rs. 17,503 - 19,934",-,-
Ambedkar Nagar,"Rs. 14,620 - 16,660/sq. ft.",1.09%  ,See Trends,"Rs. 19,385 - 29,078","Rs. 35,593 - 40,678","Rs. 40,162 - 49,931"
Amrut Nagar,"Rs. 14,365 - 15,470/sq. ft.",-2.49%  ,See Trends,"Rs. 19,627 - 22,822","Rs. 39,589 - 46,627","Rs. 46,492 - 50,816"
Antop Hill,"Rs. 19,210 - 21,462/sq. ft.",2.16%  ,See Trends,-,-,-
Asha Nagar,"Rs. 15,980 - 17,978/sq. ft.",3.63%  ,See Trends,"Rs. 18,232 - 19,635","Rs. 29,750 - 32,725",-
Battipada,-,-,Not Available,"Rs. 16,575 - 17,850","Rs. 20,442 - 23,758",-
Bhandup (East),"Rs. 13,260 - 15,258/sq. ft.",1.83%  ,See Trends,"Rs. 18,700 - 21,972","Rs. 35,700 - 40,162","Rs. 48,620 - 54,698"
Bhandup (West),"Rs. 12,155 - 14,152/sq. ft.",0%     ,See Trends,"Rs. 19,686 - 22,147","Rs. 28,886 - 32,898","Rs. 40,672 - 45,602"
BSNL Colony,-,-,Not Available,-,"Rs. 36,679 - 38,208",-
Chandivali,"Rs. 15,342 - 17,042/sq. ft.",1.31%  ,See Trends,"Rs. 24,310 - 28,050","Rs. 40,637 - 44,870","Rs. 54,740 - 60,690"
Chunabhatti,-,-,Not Available,"Rs. 21,038 - 23,375","Rs. 34,850 - 38,250",-
Chunabhatti East,-,-,Not Available,"Rs. 21,250 - 25,500","Rs. 29,452 - 32,258",-
Datar Colony,"Rs. 12,962 - 13,515/sq. ft.",-2.22%  ,See Trends,"Rs. 17,140 - 18,993",-,-
Deendayal Nagar,-,-,Not Available,-,"Rs. 25,160 - 27,200",-
Dina Bama Estate,"Rs. 15,342 - 16,490/sq. ft.",-0.8%  ,See Trends,"Rs. 22,147 - 24,608","Rs. 28,144 - 30,762",-
Friends Colony,"Rs. 11,688 - 13,982/sq. ft.",-,Not Available,"Rs. 15,750 - 17,140",-,-
Ganesh Nagar,"Rs. 13,302 - 14,578/sq. ft.",-0.3%  ,See Trends,"Rs. 20,248 - 23,211","Rs. 31,178 - 35,075","Rs. 34,680 - 36,720"
Garodia Nagar,"Rs. 17,000 - 20,400/sq. ft.",3.34%  ,See Trends,"Rs. 22,552 - 24,602","Rs. 29,750 - 36,444",-
Gavanpada,"Rs. 13,388 - 15,088/sq. ft.",-10.08%  ,See Trends,"Rs. 17,769 - 20,170",-,-
Ghatkopar (East),"Rs. 15,810 - 20,442/sq. ft.",4.89%  ,See Trends,"Rs. 21,420 - 24,990","Rs. 35,726 - 41,283","Rs. 54,740 - 63,070"
Ghatkopar West,"Rs. 15,045 - 17,510/sq. ft.",0.8%  ,See Trends,"Rs. 20,285 - 23,116","Rs. 39,015 - 44,217","Rs. 57,242 - 62,220"
Govind Nagar,"Rs. 14,110 - 16,320/sq. ft.",-,Not Available,"Rs. 21,373 - 21,828","Rs. 27,843 - 30,773",-
Hallow Pul,-,-,Not Available,"Rs. 19,283 - 21,820",-,-
Hanuman Chowk,"Rs. 15,300 - 17,085/sq. ft.",-5.08%  ,See Trends,"Rs. 17,986 - 19,335",-,-
Hira Nagar,-,-,Not Available,-,"Rs. 31,238 - 36,592",-
Hiranandani Gardens - Powai,"Rs. 23,885 - 28,645/sq. ft.",2.87%  ,See Trends,"Rs. 36,356 - 44,217","Rs. 54,400 - 66,300","Rs. 85,922 - 1,08,337"
HMPL Surya Nagar,-,-,Not Available,-,"Rs. 35,955 - 39,780",-
Industrial Area,"Rs. 12,665 - 13,770/sq. ft.",-3.99%  ,See Trends,"Rs. 19,747 - 21,991",-,-
Jagdusha Nagar,"Rs. 12,580 - 15,258/sq. ft.",0.29%  ,See Trends,"Rs. 18,819 - 20,655","Rs. 22,542 - 25,432",-
Jaydev Singh Nagar,"Rs. 11,942 - 14,280/sq. ft.",-0.63%  ,See Trends,"Rs. 22,374 - 23,465",-,-
Kanjur Marg (East),"Rs. 13,302 - 15,342/sq. ft.",2.74%  ,See Trends,"Rs. 19,168 - 22,908","Rs. 37,556 - 41,133","Rs. 48,620 - 54,698"
Kanjur Marg (west),"Rs. 14,068 - 16,192/sq. ft.",2.61%  ,See Trends,"Rs. 21,693 - 28,155","Rs. 33,808 - 38,638","Rs. 40,504 - 49,031"
Kannamwar Nagar I,-,-,Not Available,"Rs. 15,002 - 16,623",-,-
Kannamwar Nagar II,"Rs. 12,878 - 14,365/sq. ft.",-3.02%  ,See Trends,"Rs. 17,926 - 19,342",-,-
Kokan Nagar,-,-,Not Available,"Rs. 14,875 - 16,150",-,-
Kurla (East),"Rs. 12,920 - 14,918/sq. ft.",3.79%  ,See Trends,"Rs. 19,655 - 23,491","Rs. 26,010 - 35,190",-
Kurla (west),"Rs. 13,642 - 16,448/sq. ft.",1.73%  ,See Trends,"Rs. 20,318 - 25,273","Rs. 35,190 - 41,446","Rs. 57,005 - 62,594"
LBS Marg,"Rs. 12,962 - 15,428/sq. ft.",-10.96%  ,See Trends,"Rs. 20,736 - 23,770","Rs. 31,028 - 35,006","Rs. 40,200 - 42,565"
Lok Milan Colony,"Rs. 16,532 - 18,488/sq. ft.",-,Not Available,"Rs. 24,556 - 28,194","Rs. 45,140 - 50,250","Rs. 55,930 - 65,450"
Mhada Colony,"Rs. 13,132 - 15,130/sq. ft.",0.92%  ,See Trends,-,-,-
Mirashi Nagar,-,-,Not Available,"Rs. 17,503 - 21,481",-,-
Moti Nagar,"Rs. 16,108 - 17,850/sq. ft.",6.54%  ,See Trends,-,"Rs. 28,382 - 33,112",-
Mulund,"Rs. 14,110 - 16,448/sq. ft.",0.84%  ,See Trends,"Rs. 17,830 - 20,645","Rs. 28,305 - 32,130","Rs. 38,177 - 43,791"
Mulund (East),"Rs. 14,025 - 16,320/sq. ft.",0.28%  ,See Trends,"Rs. 18,730 - 21,131","Rs. 25,789 - 29,971","Rs. 33,660 - 40,205"
Mulund (West),"Rs. 14,152 - 16,532/sq. ft.",1.12%  ,See Trends,"Rs. 17,765 - 20,570","Rs. 29,716 - 33,626","Rs. 38,755 - 44,454"
Mulund Colony,"Rs. 14,110 - 17,042/sq. ft.",10.54%  ,See Trends,"Rs. 15,895 - 19,168","Rs. 23,651 - 29,057",-
Nahur,"Rs. 13,472 - 15,130/sq. ft.",-3.54%  ,See Trends,"Rs. 17,850 - 18,870","Rs. 32,640 - 35,088","Rs. 39,738 - 49,088"
Nahur East,"Rs. 11,858 - 13,388/sq. ft.",3.08%  ,See Trends,-,"Rs. 24,276 - 27,132",-
Nahur Gaothan,"Rs. 12,920 - 14,960/sq. ft.",-,Not Available,-,-,-
Naidu Colony,"Rs. 16,235 - 18,488/sq. ft.",-,Not Available,-,-,-
Navghar,"Rs. 14,832 - 16,618/sq. ft.",-,Not Available,"Rs. 18,564 - 21,658",-,-
Neelam Nagar,"Rs. 13,855 - 16,405/sq. ft.",-1.91%  ,See Trends,"Rs. 18,938 - 21,779","Rs. 27,017 - 29,788",-
Nehru Nagar,"Rs. 13,345 - 14,875/sq. ft.",1.53%  ,See Trends,"Rs. 20,492 - 23,491","Rs. 26,444 - 33,443",-
Nirmal Nagar,"Rs. 15,172 - 16,320/sq. ft.",-,Not Available,-,"Rs. 29,554 - 32,666","Rs. 37,368 - 41,764"
Panchkutir Ganesh Nagar,"Rs. 27,328 - 30,940/sq. ft.",-,Not Available,-,"Rs. 54,979 - 63,497","Rs. 72,590 - 80,920"
Pant Nagar,"Rs. 14,790 - 18,445/sq. ft.",5.26%  ,See Trends,"Rs. 18,564 - 23,324","Rs. 36,152 - 45,006",-
Pestom Sagar Colony,"Rs. 11,220 - 15,300/sq. ft.",-,Not Available,"Rs. 22,338 - 24,572","Rs. 30,697 - 36,207",-
Police Colony,-,-,Not Available,"Rs. 18,445 - 20,230",-,-
Powai,"Rs. 16,830 - 20,145/sq. ft.",-0.7%  ,See Trends,"Rs. 26,227 - 31,472","Rs. 42,093 - 49,521","Rs. 63,291 - 80,665"
Pratikhsha Nagar,"Rs. 14,960 - 17,170/sq. ft.",-,Not Available,"Rs. 18,296 - 20,081","Rs. 25,882 - 26,499",-
Premier Colony,-,-,Not Available,"Rs. 23,588 - 24,225",-,-
Raheja Vihar,"Rs. 15,895 - 17,128/sq. ft.",2.89%  ,See Trends,"Rs. 25,245 - 28,050","Rs. 39,151 - 44,149","Rs. 54,825 - 58,650"
Rajiv Gandhi Nagar,"Rs. 12,878 - 14,068/sq. ft.",2.92%  ,See Trends,"Rs. 20,178 - 22,639","Rs. 26,104 - 29,631",-
Sangharsh Nagar,"Rs. 11,900 - 13,898/sq. ft.",-,Not Available,"Rs. 10,710 - 16,065","Rs. 34,362 - 39,391",-
Sarvodaya Nagar,"Rs. 12,112 - 13,940/sq. ft.",-,Not Available,-,-,-
Sarvoday Parshwanath Nagar,"Rs. 14,918 - 16,830/sq. ft.",-4.79%  ,See Trends,"Rs. 16,244 - 20,034",-,-
Siddharth Nagar,"Rs. 13,642 - 15,470/sq. ft.",0%     ,See Trends,-,-,-
Sion (East),"Rs. 17,128 - 21,760/sq. ft.",-,Not Available,"Rs. 19,560 - 23,117",-,"Rs. 39,440 - 50,532"
Sion (West),"Rs. 22,482 - 27,200/sq. ft.",6.08%  ,See Trends,"Rs. 25,048 - 30,246","Rs. 36,890 - 45,006",-
Tagore Nagar,"Rs. 11,135 - 12,240/sq. ft.",2.23%  ,See Trends,"Rs. 15,321 - 19,699","Rs. 26,775 - 29,750",-
Tambe Nagar,"Rs. 14,450 - 16,915/sq. ft.",0.28%  ,See Trends,"Rs. 18,799 - 21,272","Rs. 28,121 - 32,027","Rs. 36,184 - 38,378"
Tata Colony,-,-,Not Available,"Rs. 16,541 - 19,377",-,-
Tembhipada,"Rs. 11,135 - 12,155/sq. ft.",-,Not Available,-,-,-
Tilak Nagar,"Rs. 13,558 - 15,640/sq. ft.",2.12%  ,See Trends,"Rs. 18,438 - 23,048","Rs. 31,470 - 36,075","Rs. 49,266 - 52,961"
Tunga Village,"Rs. 14,408 - 15,598/sq. ft.",-,Not Available,"Rs. 26,489 - 27,489","Rs. 29,546 - 34,246",-
Vaishali Nagar,"Rs. 14,365 - 17,000/sq. ft.",-,Not Available,"Rs. 19,635 - 21,038",-,-
Valmiki Nagar,-,-,Not Available,"Rs. 19,377 - 21,267","Rs. 24,929 - 26,846",-
Vardhman Nagar,"Rs. 17,000 - 21,802/sq. ft.",-5.01%  ,See Trends,-,-,-
Veena Nagar,-,-,Not Available,"Rs. 16,150 - 17,850",-,-
Veena Nagar Phase-II,-,-,Not Available,"Rs. 16,150 - 19,125",-,-
Vidyavihar,"Rs. 19,168 - 24,522/sq. ft.",1.46%  ,See Trends,-,-,-
Vidya Vihar West,"Rs. 11,432 - 13,515/sq. ft.",6.5%  ,See Trends,"Rs. 22,952 - 25,446",-,-
Vikhroli (East),-,-,Not Available,"Rs. 27,540 - 36,720","Rs. 46,750 - 55,250","Rs. 58,306 - 73,168"
Vikhroli (West),"Rs. 12,325 - 14,705/sq. ft.",15.9%  ,See Trends,"Rs. 24,926 - 27,859","Rs. 36,338 - 39,568","Rs. 62,879 - 70,882"
Mumbai Navi,,,,,,
Adaigaon,"Rs. 4,420 - 4,930/sq. ft.",-2.65%  ,See Trends,-,-,-
Airoli,"Rs. 9,988 - 11,518/sq. ft.",-1.93%  ,See Trends,"Rs. 13,779 - 16,155","Rs. 22,253 - 26,227","Rs. 31,625 - 36,310"
Airoli Gaothan,-,-,Not Available,"Rs. 8,500 - 9,775",-,-
Akurli,"Rs. 4,505 - 5,185/sq. ft.",1.79%  ,See Trends,-,-,-
Belapur,"Rs. 9,222 - 11,305/sq. ft.",-0.81%  ,See Trends,"Rs. 10,752 - 14,025","Rs. 22,100 - 28,050",-
Belpada,"Rs. 9,010 - 10,285/sq. ft.",12.75%  ,See Trends,"Rs. 10,752 - 11,688","Rs. 17,634 - 20,701",-
Bonkode,"Rs. 6,758 - 9,775/sq. ft.",-,Not Available,"Rs. 10,608 - 11,934",-,-
Chipale,"Rs. 4,208 - 4,972/sq. ft.",-1.82%  ,See Trends,-,-,-
Devad,"Rs. 4,335 - 4,888/sq. ft.",-2.68%  ,See Trends,"Rs. 5,015 - 6,520",-,-
Diva Gaothan,-,-,Not Available,"Rs. 10,404 - 12,138",-,-
Dronagiri,"Rs. 4,292 - 4,845/sq. ft.",0.93%  ,See Trends,"Rs. 3,924 - 4,414","Rs. 7,676 - 8,443",-
Ghansoli,"Rs. 9,902 - 11,815/sq. ft.",1.6%  ,See Trends,"Rs. 12,112 - 14,535","Rs. 23,891 - 28,315","Rs. 35,414 - 39,209"
Ghot,-,-,Not Available,"Rs. 4,114 - 6,171",-,-
Ghotkamp Koyana Vele,"Rs. 3,740 - 4,548/sq. ft.",-5%  ,See Trends,-,-,-
Harigram,"Rs. 4,378 - 4,845/sq. ft.",-,Not Available,-,-,-
Jeejamata Nagar,"Rs. 11,858 - 12,708/sq. ft.",-0.69%  ,See Trends,-,"Rs. 28,636 - 32,455","Rs. 35,414 - 39,209"
Jijamata Nagar,"Rs. 10,710 - 11,858/sq. ft.",-,Not Available,-,"Rs. 29,228 - 34,542","Rs. 38,143 - 46,619"
Jui Nagar,"Rs. 8,968 - 10,795/sq. ft.",-0.44%  ,See Trends,"Rs. 12,155 - 15,428","Rs. 17,927 - 20,266",-
Kalamboli,"Rs. 6,248 - 6,970/sq. ft.",1.97%  ,See Trends,"Rs. 8,704 - 8,704","Rs. 11,393 - 13,145","Rs. 13,083 - 14,090"
Kamothe,"Rs. 6,545 - 7,225/sq. ft.",1.24%  ,See Trends,"Rs. 8,395 - 9,383","Rs. 11,733 - 13,410","Rs. 15,827 - 19,218"
Karade Khurd,"Rs. 2,932 - 3,698/sq. ft.",-,Not Available,-,-,-
Karanjade,"Rs. 5,100 - 5,738/sq. ft.",2.4%  ,See Trends,"Rs. 4,896 - 5,440",-,-
Karave Nagar,"Rs. 12,495 - 16,065/sq. ft.",-9.38%  ,See Trends,-,"Rs. 34,700 - 42,412",-
Kewale,"Rs. 3,995 - 4,420/sq. ft.",-4.95%  ,See Trends,-,-,-
Khalapur,"Rs. 7,055 - 8,585/sq. ft.",3.41%  ,See Trends,"Rs. 9,180 - 10,710","Rs. 17,523 - 19,367","Rs. 20,374 - 23,970"
Khanda Colony,"Rs. 6,885 - 8,202/sq. ft.",4.12%  ,See Trends,"Rs. 7,847 - 8,828","Rs. 11,475 - 13,770",-
Khandeshwar,"Rs. 7,692 - 8,330/sq. ft.",1.6%  ,See Trends,"Rs. 10,761 - 11,837","Rs. 13,750 - 14,609",-
Kharghar,"Rs. 7,820 - 9,222/sq. ft.",0%     ,See Trends,"Rs. 9,545 - 12,056","Rs. 17,493 - 20,992","Rs. 24,650 - 28,348"
Kopara,"Rs. 7,608 - 8,755/sq. ft.",-6%  ,See Trends,"Rs. 11,444 - 13,005","Rs. 17,850 - 20,528","Rs. 21,038 - 28,050"
Koperkhairane,"Rs. 9,435 - 11,220/sq. ft.",-0.41%  ,See Trends,"Rs. 13,558 - 15,895","Rs. 21,802 - 25,840","Rs. 27,816 - 34,492"
Kutak Bandhan,"Rs. 6,800 - 7,480/sq. ft.",-,Not Available,-,"Rs. 12,974 - 14,596",-
Navade,"Rs. 4,632 - 5,440/sq. ft.",5.98%  ,See Trends,-,-,-
Nere,"Rs. 3,698 - 4,038/sq. ft.",-,Not Available,-,-,-
Nerul,"Rs. 11,815 - 14,152/sq. ft.",1.32%  ,See Trends,"Rs. 11,688 - 14,492","Rs. 24,798 - 31,639","Rs. 39,709 - 48,676"
Nevali,"Rs. 4,675 - 4,972/sq. ft.",-,Not Available,-,-,-
New Panvel,"Rs. 5,865 - 7,140/sq. ft.",6.21%  ,See Trends,"Rs. 7,637 - 8,656","Rs. 9,945 - 12,240","Rs. 16,102 - 19,122"
New Panvel East,"Rs. 4,122 - 5,270/sq. ft.",3.88%  ,See Trends,-,"Rs. 7,378 - 14,018",-
New Sector-50 Nerul,"Rs. 10,242 - 11,475/sq. ft.",-1.96%  ,See Trends,"Rs. 13,923 - 16,409","Rs. 21,216 - 25,296","Rs. 32,130 - 36,890"
Old Panvel,"Rs. 5,950 - 7,182/sq. ft.",2%  ,See Trends,"Rs. 7,561 - 8,065","Rs. 11,459 - 14,103","Rs. 18,771 - 25,395"
Owe Village,"Rs. 6,332 - 7,352/sq. ft.",9.59%  ,See Trends,"Rs. 7,969 - 9,562","Rs. 14,212 - 15,988",-
Palaspa,"Rs. 4,420 - 5,780/sq. ft.",13.89%  ,See Trends,-,-,-
Palaspe Phata,"Rs. 4,845 - 6,630/sq. ft.",4.07%  ,See Trends,-,"Rs. 9,690 - 10,498",-
Palm Beach,"Rs. 15,512 - 18,148/sq. ft.",0%     ,See Trends,"Rs. 15,762 - 16,592","Rs. 32,897 - 37,342","Rs. 44,798 - 55,998"
Panvel,"Rs. 5,950 - 7,012/sq. ft.",2.67%  ,See Trends,"Rs. 7,599 - 9,119","Rs. 10,818 - 13,314","Rs. 14,597 - 19,088"
Petali,"Rs. 4,802 - 5,398/sq. ft.",0%     ,See Trends,"Rs. 5,100 - 5,610","Rs. 8,160 - 9,792",-
Phase-1 Petali,"Rs. 4,802 - 5,228/sq. ft.",-0.83%  ,See Trends,"Rs. 5,100 - 5,610","Rs. 8,415 - 9,256",-
Rabale,-,-,Not Available,-,"Rs. 17,595 - 24,480",-
Ranjanpada,"Rs. 7,522 - 8,118/sq. ft.",0%     ,See Trends,"Rs. 7,701 - 8,728",-,-
Rasayani,"Rs. 3,060 - 3,528/sq. ft.",-9.52%  ,See Trends,-,-,-
Roadpali,"Rs. 6,162 - 6,672/sq. ft.",1.34%  ,See Trends,"Rs. 8,160 - 8,704","Rs. 11,691 - 13,490","Rs. 18,354 - 21,178"
Sai Nagar,"Rs. 5,482 - 5,908/sq. ft.",-,Not Available,-,-,-
Sanpada,"Rs. 12,580 - 14,705/sq. ft.",-2.14%  ,See Trends,"Rs. 15,895 - 18,700","Rs. 29,750 - 34,000","Rs. 40,720 - 50,301"
Savoli,-,-,Not Available,"Rs. 11,156 - 12,495",-,-
Seawoods,"Rs. 11,178 - 13,515/sq. ft.",1.76%  ,See Trends,"Rs. 12,852 - 15,708","Rs. 26,775 - 34,808","Rs. 40,842 - 48,748"
Sector-1 Airoli,-,-,Not Available,"Rs. 11,050 - 14,025",-,-
Sector-1 Khanda Colony,"Rs. 7,055 - 8,925/sq. ft.",-,Not Available,-,"Rs. 11,475 - 13,005",-
Sector-1 New Panvel,-,-,Not Available,"Rs. 6,712 - 9,588",-,-
Sector-1 Vashi,-,-,Not Available,"Rs. 13,311 - 18,635","Rs. 20,016 - 22,777",-
Sector-2 Airoli,-,-,Not Available,-,"Rs. 24,901 - 27,035",-
Sector-2 Ghansoli,-,-,Not Available,"Rs. 11,156 - 12,495",-,-
Sector-2 Kopar Khairane,"Rs. 9,392 - 10,242/sq. ft.",1.32%  ,See Trends,"Rs. 12,243 - 14,598","Rs. 20,188 - 25,032",-
Sector-2 Vashi,-,-,Not Available,"Rs. 12,325 - 16,575",-,-
Sector-2A Kopar Khairane,"Rs. 9,350 - 10,370/sq. ft.",-0.87%  ,See Trends,-,"Rs. 22,100 - 24,650",-
Sector-3 Airoli,-,-,Not Available,"Rs. 16,415 - 17,864",-,-
Sector-3 Belpada,"Rs. 9,478 - 10,412/sq. ft.",12.75%  ,See Trends,"Rs. 10,557 - 11,475",-,-
Sector-3 Ghansoli,"Rs. 9,860 - 10,838/sq. ft.",-,Not Available,"Rs. 13,426 - 15,912","Rs. 19,125 - 22,950",-
Sector-3 Kopar Khairane,"Rs. 8,542 - 11,135/sq. ft.",-,Not Available,-,"Rs. 18,279 - 20,664",-
Sector-3 New Panvel,"Rs. 7,012 - 8,372/sq. ft.",5.33%  ,See Trends,"Rs. 7,914 - 9,044","Rs. 11,305 - 12,920",-
Sector-3 Ulwe,"Rs. 6,290 - 6,970/sq. ft.",-4.94%  ,See Trends,-,"Rs. 7,375 - 9,013",-
Sector-4 Airoli,-,-,Not Available,"Rs. 14,322 - 15,803",-,-
Sector-4 Kopar Khairane,-,-,Not Available,"Rs. 12,389 - 14,371",-,-
Sector-4 Nerul,"Rs. 15,428 - 17,892/sq. ft.",-4.08%  ,See Trends,-,"Rs. 42,238 - 50,480","Rs. 59,670 - 68,850"
Sector-4 New Panvel,"Rs. 6,630 - 7,438/sq. ft.",-6.86%  ,See Trends,"Rs. 6,962 - 9,448","Rs. 11,475 - 13,005",-
Sector-4 Sanpada,"Rs. 11,050 - 12,665/sq. ft.",0%     ,See Trends,-,"Rs. 23,664 - 31,824",-
Sector-4 Vashi,"Rs. 14,535 - 15,342/sq. ft.",-,Not Available,-,-,-
Sector-4A Koparkhairane,"Rs. 9,308 - 10,838/sq. ft.",-,Not Available,"Rs. 11,220 - 13,090","Rs. 21,614 - 24,939",-
Sector-5 Airoli,-,-,Not Available,"Rs. 12,325 - 14,875","Rs. 17,680 - 22,440",-
Sector-5 Kamothe,"Rs. 6,290 - 6,672/sq. ft.",-5.7%  ,See Trends,-,-,-
Sector-5 Kharghar,"Rs. 8,628 - 9,775/sq. ft.",-2.27%  ,See Trends,"Rs. 13,380 - 14,371","Rs. 18,350 - 25,340","Rs. 29,622 - 31,992"
Sector-5 Kopar Khairane,"Rs. 8,882 - 10,752/sq. ft.",-2.1%  ,See Trends,"Rs. 13,039 - 14,544","Rs. 20,400 - 22,950","Rs. 23,205 - 25,415"
Sector-5 New Panvel East,"Rs. 7,565 - 8,798/sq. ft.",4.79%  ,See Trends,"Rs. 8,738 - 10,049","Rs. 12,282 - 15,172",-
Sector-6 Airoli,"Rs. 10,668 - 11,432/sq. ft.",1.17%  ,See Trends,"Rs. 15,680 - 18,056","Rs. 22,481 - 27,132",-
Sector-6 Ghansoli,"Rs. 8,968 - 10,072/sq. ft.",-4.22%  ,See Trends,"Rs. 12,967 - 14,408","Rs. 20,177 - 24,058","Rs. 35,848 - 45,625"
Sector-6 Kharghar,"Rs. 10,412 - 12,240/sq. ft.",5.08%  ,See Trends,"Rs. 12,559 - 13,061","Rs. 20,400 - 22,100","Rs. 27,683 - 31,143"
Sector-6 Kopar Khairane,"Rs. 9,265 - 9,988/sq. ft.",-,Not Available,"Rs. 12,622 - 15,895","Rs. 20,188 - 24,225",-
Sector-6 Nerul,-,-,Not Available,"Rs. 6,545 - 8,415",-,"Rs. 37,699 - 44,768"
Sector-6 New Panvel,"Rs. 6,078 - 6,715/sq. ft.",-,Not Available,-,-,-
Sector-6A Kamothe,"Rs. 6,630 - 7,268/sq. ft.",5.66%  ,See Trends,-,"Rs. 14,421 - 15,269",-
Sector-7 Ghansoli,"Rs. 9,478 - 10,752/sq. ft.",-,Not Available,"Rs. 14,612 - 17,047","Rs. 21,229 - 24,625",-
Sector-7 Kamothe,"Rs. 6,885 - 7,480/sq. ft.",2.42%  ,See Trends,-,-,-
Sector-7 Khanda Colony,"Rs. 6,630 - 7,310/sq. ft.",-3.03%  ,See Trends,-,-,-
Sector-7 Kopar Khairane,"Rs. 9,052 - 10,540/sq. ft.",0.9%  ,See Trends,"Rs. 14,050 - 15,988","Rs. 17,746 - 18,429",-
Sector-8 Ghansoli,"Rs. 11,178 - 12,198/sq. ft.",-2.46%  ,See Trends,"Rs. 17,748 - 19,227","Rs. 24,684 - 27,975","Rs. 34,510 - 38,080"
Sector-8 Kamothe,"Rs. 6,418 - 7,098/sq. ft.",-,Not Available,-,-,-
Sector-8 Kharghar,"Rs. 8,500 - 9,478/sq. ft.",-5.45%  ,See Trends,"Rs. 12,006 - 13,447","Rs. 17,279 - 18,102","Rs. 22,352 - 25,881"
Sector-8 Kopar Khairane,"Rs. 9,138 - 11,135/sq. ft.",-,Not Available,"Rs. 14,174 - 15,640","Rs. 21,682 - 25,554",-
Sector-8 Sanpada,"Rs. 11,178 - 13,218/sq. ft.",-3.52%  ,See Trends,"Rs. 14,446 - 16,197",-,-
Sector-8 Ulwe,"Rs. 6,800 - 7,862/sq. ft.",-0.58%  ,See Trends,"Rs. 4,888 - 5,376","Rs. 9,350 - 11,050","Rs. 15,658 - 20,476"
Sector-8A Airoli,"Rs. 10,072 - 11,602/sq. ft.",4.94%  ,See Trends,"Rs. 14,322 - 16,297","Rs. 22,185 - 25,245",-
Sector-9 Ghansoli,"Rs. 10,158 - 11,730/sq. ft.",-,Not Available,"Rs. 10,343 - 12,730","Rs. 25,288 - 33,380",-
Sector-9 Kamothe,"Rs. 6,120 - 6,715/sq. ft.",0%     ,See Trends,"Rs. 7,076 - 8,020","Rs. 9,841 - 11,247",-
Sector-9 Khanda Colony,"Rs. 6,630 - 7,268/sq. ft.",-1.23%  ,See Trends,"Rs. 7,442 - 7,880",-,-
Sector-9 New Panvel,"Rs. 6,418 - 6,928/sq. ft.",-,Not Available,-,"Rs. 10,952 - 11,682",-
Sector-9 Sanpada,"Rs. 15,300 - 16,320/sq. ft.",0%     ,See Trends,"Rs. 19,724 - 21,747","Rs. 29,070 - 30,600","Rs. 34,123 - 39,657"
Sector-9 Ulwe,"Rs. 7,182 - 7,990/sq. ft.",1.7%  ,See Trends,"Rs. 5,507 - 6,008","Rs. 8,526 - 10,231","Rs. 13,370 - 15,802"
Sector-9A Vashi,-,-,Not Available,"Rs. 16,320 - 19,380","Rs. 22,312 - 25,288",-
Sector-10 Kalamboli,"Rs. 5,950 - 6,758/sq. ft.",-,Not Available,-,-,-
Sector-10 Nerul,"Rs. 9,095 - 10,795/sq. ft.",-,Not Available,-,"Rs. 21,573 - 24,769",-
Sector-10 New Panvel,"Rs. 6,162 - 6,545/sq. ft.",9.42%  ,See Trends,"Rs. 7,670 - 8,150","Rs. 10,582 - 14,110",-
Sector-10 Vashi,-,-,Not Available,-,"Rs. 22,610 - 27,455",-
Sector-10/B Ulwe,"Rs. 6,502 - 8,245/sq. ft.",10.39%  ,See Trends,-,"Rs. 9,378 - 11,083",-
Sector-10A Airoli,"Rs. 13,685 - 14,535/sq. ft.",-0.29%  ,See Trends,-,"Rs. 30,098 - 34,658","Rs. 34,527 - 37,980"
Sector-10A Vashi,-,-,Not Available,-,"Rs. 18,788 - 26,617",-
Sector-11 Ghansoli,"Rs. 11,432 - 12,410/sq. ft.",-2.41%  ,See Trends,-,"Rs. 29,920 - 33,660","Rs. 38,250 - 40,800"
Sector-11 Khanda Colony,"Rs. 8,628 - 9,562/sq. ft.",-,Not Available,-,-,-
Sector-11 New Panvel,-,-,Not Available,-,"Rs. 9,945 - 11,475",-
Sector-11 Sanpada,"Rs. 13,048 - 14,238/sq. ft.",-,Not Available,-,"Rs. 31,620 - 37,740",-
Sector-11 Taloja,"Rs. 4,420 - 4,972/sq. ft.",0%     ,See Trends,"Rs. 5,015 - 7,021",-,-
Sector-12 Kamothe,"Rs. 6,290 - 6,800/sq. ft.",-,Not Available,"Rs. 7,948 - 9,350",-,-
Sector-12 Kopar Khairane,"Rs. 8,202 - 10,455/sq. ft.",-0.9%  ,See Trends,"Rs. 12,111 - 14,906","Rs. 19,890 - 22,950",-
Sector-12 New Panvel,"Rs. 6,842 - 7,735/sq. ft.",-,Not Available,-,"Rs. 10,412 - 12,644",-
Sector-13 Kharghar,"Rs. 7,480 - 8,798/sq. ft.",6.7%  ,See Trends,"Rs. 8,966 - 11,456","Rs. 13,600 - 16,150",-
Sector-13 Kopar Khairane,"Rs. 10,880 - 13,515/sq. ft.",-,Not Available,-,"Rs. 22,121 - 25,661",-
Sector-13 Nerul,"Rs. 13,812 - 14,620/sq. ft.",2.13%  ,See Trends,-,-,-
Sector-14 Airoli,-,-,Not Available,-,-,"Rs. 25,415 - 30,940"
Sector-14 Koparkhairane,"Rs. 10,412 - 12,198/sq. ft.",4.28%  ,See Trends,"Rs. 14,492 - 18,232","Rs. 24,157 - 29,155","Rs. 34,425 - 40,162"
Sector-14 Nerul,"Rs. 19,082 - 23,758/sq. ft.",5.6%  ,See Trends,-,"Rs. 34,808 - 36,592",-
Sector-14 Sanpada,"Rs. 12,622 - 13,515/sq. ft.",-4.97%  ,See Trends,"Rs. 18,476 - 19,448",-,"Rs. 51,404 - 63,941"
Sector-14 Taloja,"Rs. 4,930 - 5,695/sq. ft.",2.42%  ,See Trends,-,-,-
Sector-15 Ghansoli,"Rs. 9,690 - 10,412/sq. ft.",-3.69%  ,See Trends,"Rs. 12,856 - 14,913","Rs. 21,165 - 23,705","Rs. 33,475 - 38,092"
Sector-15 New Panvel,"Rs. 7,395 - 7,862/sq. ft.",-,Not Available,-,"Rs. 10,710 - 13,005",-
Sector-15 Sanpada,"Rs. 11,475 - 13,090/sq. ft.",-1.03%  ,See Trends,"Rs. 15,895 - 19,168","Rs. 21,760 - 27,200",-
Sector-15A New Panvel,-,-,Not Available,-,"Rs. 11,475 - 16,065",-
Sector-16 Airoli,-,-,Not Available,"Rs. 14,280 - 16,830","Rs. 13,812 - 16,575",-
Sector-16 Kharghar,"Rs. 7,905 - 8,925/sq. ft.",-1.5%  ,See Trends,-,-,-
Sector-16 Koparkhairane,"Rs. 8,882 - 9,902/sq. ft.",-5.42%  ,See Trends,"Rs. 13,558 - 18,232","Rs. 19,890 - 23,715",-
Sector-16 New Panvel,"Rs. 6,715 - 7,310/sq. ft.",-,Not Available,"Rs. 7,650 - 9,180","Rs. 11,008 - 11,794",-
Sector-16 Sanpada,"Rs. 14,195 - 14,918/sq. ft.",-0.29%  ,See Trends,"Rs. 17,765 - 21,972","Rs. 30,600 - 34,850","Rs. 38,102 - 40,560"
Sector-16 Taloja,"Rs. 4,802 - 5,525/sq. ft.",-1.64%  ,See Trends,"Rs. 4,802 - 5,283",-,-
Sector-16 Ulwe,"Rs. 6,248 - 7,310/sq. ft.",-3.75%  ,See Trends,"Rs. 5,176 - 5,694","Rs. 7,933 - 10,577","Rs. 12,894 - 15,473"
Sector-16A Sanpada,"Rs. 13,898 - 16,108/sq. ft.",2.94%  ,See Trends,-,"Rs. 28,768 - 32,878","Rs. 54,698 - 58,905"
Sector-17 Kalamboli,"Rs. 6,758 - 7,778/sq. ft.",-,Not Available,-,-,-
Sector-17 Kamothe,"Rs. 6,672 - 7,395/sq. ft.",2.48%  ,See Trends,"Rs. 8,242 - 9,272","Rs. 10,652 - 13,110",-
Sector-17 Khanda Colony,"Rs. 7,352 - 7,990/sq. ft.",-,Not Available,-,-,-
Sector-17 Kopar Khairane,"Rs. 8,670 - 10,030/sq. ft.",-4.24%  ,See Trends,"Rs. 14,889 - 16,942","Rs. 20,222 - 27,999",-
Sector-17 Sanpada,"Rs. 13,472 - 15,130/sq. ft.",-1.73%  ,See Trends,-,"Rs. 34,808 - 39,270","Rs. 43,350 - 53,550"
Sector-18 Kopar Khairane,"Rs. 8,075 - 9,520/sq. ft.",-,Not Available,-,-,-
Sector-18 Sanpada,"Rs. 17,552 - 20,102/sq. ft.",5.12%  ,See Trends,-,"Rs. 36,001 - 39,693","Rs. 47,491 - 55,406"
Sector-18 Ulwe,"Rs. 6,885 - 7,480/sq. ft.",0%     ,See Trends,"Rs. 5,865 - 6,842","Rs. 9,088 - 9,914","Rs. 12,248 - 13,362"
Sector-18A Nerul,"Rs. 13,728 - 16,958/sq. ft.",-,Not Available,-,"Rs. 33,558 - 41,228","Rs. 45,135 - 55,165"
Sector-19 Airoli,"Rs. 10,625 - 12,240/sq. ft.",-8.22%  ,See Trends,"Rs. 14,545 - 16,891","Rs. 24,225 - 27,455","Rs. 31,884 - 34,969"
Sector-19 Belapur,"Rs. 7,352 - 8,500/sq. ft.",-,Not Available,"Rs. 9,724 - 11,934",-,-
Sector-19 Koper Khairane,"Rs. 7,735 - 8,500/sq. ft.",-10.63%  ,See Trends,"Rs. 11,475 - 12,750","Rs. 15,652 - 19,209",-
Sector-19 New Panvel,-,-,Not Available,-,"Rs. 11,475 - 13,005",-
Sector-19 Taloja,"Rs. 5,568 - 6,332/sq. ft.",14.88%  ,See Trends,"Rs. 4,208 - 4,675",-,-
Sector-19A Kopar Khairane,"Rs. 6,928 - 8,712/sq. ft.",-6.09%  ,See Trends,"Rs. 10,016 - 11,686","Rs. 18,232 - 23,141",-
Sector-20 Koparkhairane,"Rs. 10,285 - 11,305/sq. ft.",4.47%  ,See Trends,"Rs. 14,124 - 16,560","Rs. 22,100 - 26,350","Rs. 34,510 - 36,890"
Sector-20 Nerul,"Rs. 8,840 - 10,285/sq. ft.",0%     ,See Trends,"Rs. 10,752 - 13,558","Rs. 19,380 - 22,610","Rs. 25,936 - 37,052"
Sector-20 Roadpali,"Rs. 6,375 - 7,098/sq. ft.",-1.27%  ,See Trends,-,"Rs. 11,680 - 14,375",-
Sector-20 Taloja,"Rs. 4,292 - 4,760/sq. ft.",-2.75%  ,See Trends,-,-,-
Sector-20B Airoli,"Rs. 9,775 - 10,965/sq. ft.",-3.47%  ,See Trends,"Rs. 14,025 - 17,765","Rs. 24,822 - 29,626","Rs. 29,580 - 34,510"
Sector-22 Kopar Khairane,"Rs. 9,350 - 11,135/sq. ft.",-,Not Available,"Rs. 12,577 - 13,042",-,"Rs. 21,505 - 25,245"
Sector-23 Juinagar,"Rs. 8,500 - 9,690/sq. ft.",-,Not Available,-,-,-
Sector-23 Kharghar,"Rs. 10,115 - 11,178/sq. ft.",4.18%  ,See Trends,-,-,-
Sector-23 Taloja,"Rs. 5,100 - 5,992/sq. ft.",-1.55%  ,See Trends,"Rs. 4,974 - 4,974","Rs. 7,574 - 8,415",-
Sector-24 Kamothe,"Rs. 6,545 - 7,225/sq. ft.",6.45%  ,See Trends,"Rs. 7,962 - 9,835",-,-
Sector-24 Taloja,"Rs. 5,950 - 6,248/sq. ft.",-,Not Available,-,"Rs. 7,137 - 7,930",-
Sector-25 Kamothe,"Rs. 6,842 - 7,862/sq. ft.",-0.58%  ,See Trends,"Rs. 8,622 - 10,778","Rs. 11,658 - 13,451",-
Sector-25 Khandeshhwar,"Rs. 8,032 - 8,458/sq. ft.",1.58%  ,See Trends,"Rs. 11,299 - 11,837","Rs. 14,609 - 14,609",-
Sector-26 Taloja,"Rs. 4,335 - 4,802/sq. ft.",0%     ,See Trends,"Rs. 4,208 - 4,675",-,-
Sector-27 Kharghar,"Rs. 8,075 - 9,988/sq. ft.",2.55%  ,See Trends,"Rs. 7,650 - 8,670",-,"Rs. 18,210 - 25,039"
Sector-27 Nerul,"Rs. 11,900 - 13,005/sq. ft.",1.74%  ,See Trends,"Rs. 15,428 - 16,830","Rs. 20,698 - 25,665","Rs. 36,890 - 40,460"
Sector-28 Nerul,"Rs. 13,685 - 16,150/sq. ft.",0.28%  ,See Trends,"Rs. 11,751 - 12,691","Rs. 26,877 - 34,940","Rs. 48,868 - 52,941"
Sector-29 Belapur,-,-,Not Available,"Rs. 9,605 - 10,566",-,-
Sector-29C Airoli,"Rs. 8,755 - 11,135/sq. ft.",-,Not Available,"Rs. 12,708 - 16,129","Rs. 23,434 - 25,778",-
Sector-30 Belapur,"Rs. 10,668 - 11,475/sq. ft.",2.36%  ,See Trends,-,"Rs. 23,845 - 29,144","Rs. 33,575 - 42,976"
Sector-30 Ghansoli,"Rs. 7,225 - 12,070/sq. ft.",-,Not Available,"Rs. 15,994 - 18,493","Rs. 25,612 - 27,265",-
Sector-30 Vashi,-,-,Not Available,"Rs. 16,690 - 18,713","Rs. 24,514 - 27,140",-
Sector-31 Kamothe,"Rs. 6,248 - 7,225/sq. ft.",-,Not Available,-,"Rs. 12,186 - 13,926",-
Sector-34 Kharghar,"Rs. 6,332 - 7,055/sq. ft.",-2.47%  ,See Trends,-,"Rs. 11,888 - 13,586",-
Sector-34A Kharghar,"Rs. 9,308 - 10,668/sq. ft.",-1.66%  ,See Trends,-,"Rs. 22,460 - 24,332","Rs. 29,284 - 33,278"
Sector-34B Kharghar,"Rs. 6,970 - 8,712/sq. ft.",0.53%  ,See Trends,"Rs. 7,650 - 8,160","Rs. 14,214 - 17,372",-
Sector-35 Kamothe,"Rs. 6,800 - 7,268/sq. ft.",-0.6%  ,See Trends,"Rs. 8,670 - 9,180","Rs. 11,591 - 14,074",-
Sector-35D Kharghar,"Rs. 7,480 - 8,500/sq. ft.",-3.61%  ,See Trends,"Rs. 9,364 - 10,404","Rs. 15,722 - 19,421","Rs. 23,378 - 24,677"
Sector-35E Kharghar,"Rs. 7,522 - 8,798/sq. ft.",6.59%  ,See Trends,"Rs. 9,180 - 10,710","Rs. 17,523 - 19,367","Rs. 20,374 - 23,970"
Sector-35G Kharghar,"Rs. 8,288 - 9,052/sq. ft.",1.5%  ,See Trends,"Rs. 11,847 - 13,393","Rs. 16,405 - 18,046","Rs. 22,287 - 24,633"
Sector-37 Taloja,"Rs. 7,438 - 8,288/sq. ft.",-,Not Available,-,"Rs. 13,207 - 14,761",-
Sector-38 Seawoods,"Rs. 11,348 - 12,325/sq. ft.",6.51%  ,See Trends,"Rs. 14,913 - 16,970","Rs. 28,900 - 32,300","Rs. 33,810 - 36,979"
Sector-42A Seawoods,"Rs. 9,988 - 12,368/sq. ft.",-8.36%  ,See Trends,"Rs. 13,558 - 15,895","Rs. 23,205 - 27,349",-
Sector-44A Seawoods,"Rs. 9,818 - 12,580/sq. ft.",11.69%  ,See Trends,"Rs. 12,376 - 14,280","Rs. 20,796 - 24,795",-
Sector-46 Seawoods,"Rs. 13,388 - 15,938/sq. ft.",-3.75%  ,See Trends,"Rs. 11,688 - 14,960","Rs. 31,238 - 37,485","Rs. 39,525 - 44,625"
Sector-48 Seawoods,"Rs. 10,582 - 13,048/sq. ft.",5.77%  ,See Trends,"Rs. 11,581 - 14,361","Rs. 19,444 - 24,888",-
Sector-50 Seawoods,"Rs. 10,625 - 12,452/sq. ft.",0.37%  ,See Trends,"Rs. 13,852 - 16,820","Rs. 23,800 - 28,900","Rs. 34,510 - 40,672"
Sector-58 Seawoods,"Rs. 15,512 - 17,722/sq. ft.",4.17%  ,See Trends,-,"Rs. 37,740 - 43,401","Rs. 50,320 - 61,200"
Sector-58A Seawoods,-,-,Not Available,-,"Rs. 32,130 - 38,378","Rs. 50,646 - 56,977"
Sector 1 Ghansoli,-,-,Not Available,"Rs. 10,285 - 12,155",-,-
Sector 1 Kopar Khairane,"Rs. 9,775 - 11,348/sq. ft.",6.09%  ,See Trends,"Rs. 13,637 - 17,534","Rs. 21,459 - 26,411",-
Sector 1 Sanpada,"Rs. 10,668 - 12,155/sq. ft.",4.21%  ,See Trends,"Rs. 15,428 - 18,232",-,-
Sector 2 Kharghar,"Rs. 9,775 - 10,922/sq. ft.",3.91%  ,See Trends,-,"Rs. 19,768 - 22,239","Rs. 25,298 - 28,597"
Sector 2 Ulwe,"Rs. 6,035 - 7,012/sq. ft.",0%     ,See Trends,"Rs. 5,423 - 6,409","Rs. 9,023 - 9,843","Rs. 13,941 - 16,476"
Sector 3 Kharghar,"Rs. 7,862 - 9,052/sq. ft.",6.6%  ,See Trends,"Rs. 12,375 - 13,451",-,-
Sector 4 Kharghar,"Rs. 9,265 - 10,158/sq. ft.",6.51%  ,See Trends,"Rs. 12,495 - 13,388","Rs. 16,958 - 23,418",-
Sector 5 Ghansoli,"Rs. 9,562 - 10,752/sq. ft.",0.86%  ,See Trends,"Rs. 12,442 - 14,835","Rs. 19,747 - 23,038","Rs. 27,418 - 30,845"
Sector 5 Ulwe,"Rs. 6,715 - 7,522/sq. ft.",3.05%  ,See Trends,"Rs. 5,957 - 6,950","Rs. 9,135 - 9,965",-
Sector 6 Kamothe,"Rs. 6,715 - 7,905/sq. ft.",4.32%  ,See Trends,"Rs. 7,997 - 10,496",-,-
Sector 7 Airoli,"Rs. 11,135 - 13,005/sq. ft.",1.03%  ,See Trends,"Rs. 16,357 - 19,244","Rs. 21,420 - 24,480","Rs. 32,144 - 38,794"
Sector 7 Kharghar,"Rs. 9,988 - 10,710/sq. ft.",-1.61%  ,See Trends,-,"Rs. 21,644 - 27,056","Rs. 27,370 - 32,130"
Sector 8 Airoli,"Rs. 10,710 - 12,155/sq. ft.",1.14%  ,See Trends,"Rs. 14,458 - 17,832","Rs. 22,134 - 26,561","Rs. 26,520 - 34,680"
Sector 8 New Panvel,-,-,Not Available,"Rs. 7,650 - 7,650",-,-
Sector 9 Airoli,"Rs. 8,542 - 9,732/sq. ft.",-0.9%  ,See Trends,"Rs. 12,155 - 13,558","Rs. 17,340 - 21,675",-
Sector 10 Kamothe,"Rs. 6,545 - 7,395/sq. ft.",-5.26%  ,See Trends,"Rs. 8,109 - 8,560","Rs. 10,972 - 11,756",-
Sector 10 Kharghar,"Rs. 8,075 - 9,095/sq. ft.",-0.99%  ,See Trends,"Rs. 10,996 - 12,995","Rs. 18,564 - 21,216","Rs. 25,686 - 29,356"
Sector 11 Belapur,"Rs. 9,902 - 11,560/sq. ft.",-2.69%  ,See Trends,"Rs. 14,297 - 16,269","Rs. 22,586 - 27,798","Rs. 36,720 - 43,520"
Sector 11 Kamothe,"Rs. 6,672 - 7,268/sq. ft.",3.75%  ,See Trends,"Rs. 8,208 - 8,690",-,-
Sector 11 Kharghar,"Rs. 8,202 - 9,520/sq. ft.",0.48%  ,See Trends,"Rs. 10,710 - 13,770","Rs. 17,765 - 21,802","Rs. 20,188 - 26,562"
Sector 11 Koparkhairane,"Rs. 10,838 - 12,750/sq. ft.",1.08%  ,See Trends,"Rs. 14,525 - 17,248","Rs. 22,562 - 28,203","Rs. 29,743 - 34,150"
Sector 12 Kharghar,"Rs. 8,840 - 10,072/sq. ft.",0%     ,See Trends,"Rs. 10,752 - 12,708","Rs. 18,700 - 22,100","Rs. 28,892 - 31,518"
Sector 12 Vashi,"Rs. 11,135 - 12,750/sq. ft.",2.55%  ,See Trends,-,"Rs. 21,760 - 26,112","Rs. 41,643 - 57,259"
Sector 13 Sanpada,"Rs. 12,962 - 14,620/sq. ft.",-,Not Available,"Rs. 16,124 - 19,349",-,-
Sector 14 Belapur,-,-,Not Available,"Rs. 10,752 - 14,025",-,-
Sector 14 Kamothe,"Rs. 5,950 - 6,502/sq. ft.",0%     ,See Trends,"Rs. 7,154 - 7,601",-,-
Sector 14 Kharghar,"Rs. 10,115 - 11,262/sq. ft.",0%     ,See Trends,-,"Rs. 21,819 - 25,264",-
Sector 14 Vashi,"Rs. 14,408 - 17,978/sq. ft.",-1.29%  ,See Trends,"Rs. 16,040 - 21,921","Rs. 23,800 - 34,850","Rs. 34,558 - 37,699"
Sector 15 Belapur,"Rs. 10,752 - 13,260/sq. ft.",3.38%  ,See Trends,-,"Rs. 26,384 - 32,980","Rs. 42,075 - 57,375"
Sector 15 Kamothe,"Rs. 5,780 - 6,205/sq. ft.",-,Not Available,"Rs. 8,384 - 8,384","Rs. 12,138 - 12,947",-
Sector 15 Kharghar,"Rs. 9,350 - 10,115/sq. ft.",0.88%  ,See Trends,"Rs. 9,086 - 11,682","Rs. 19,635 - 22,440","Rs. 27,030 - 31,084"
Sector 15 Kopar Khairane,"Rs. 9,350 - 11,220/sq. ft.",1.74%  ,See Trends,"Rs. 15,232 - 16,660",-,-
Sector 15 Nerul,"Rs. 10,242 - 12,495/sq. ft.",-,Not Available,-,-,-
Sector 16 Ghansoli,"Rs. 9,392 - 10,115/sq. ft.",-1.27%  ,See Trends,"Rs. 12,737 - 13,681","Rs. 18,911 - 19,611",-
Sector 16 Kamothe,"Rs. 6,928 - 7,778/sq. ft.",-1.14%  ,See Trends,"Rs. 6,796 - 9,514","Rs. 11,750 - 13,219",-
Sector 16 Vashi,-,-,Not Available,"Rs. 17,680 - 22,100","Rs. 22,658 - 27,513",-
Sector 16A Nerul,"Rs. 14,408 - 17,892/sq. ft.",-,Not Available,-,"Rs. 31,732 - 35,465","Rs. 43,030 - 47,064"
Sector 17 Ulwe,"Rs. 6,502 - 7,395/sq. ft.",-1.81%  ,See Trends,"Rs. 5,367 - 5,855","Rs. 8,761 - 10,354","Rs. 12,192 - 13,301"
Sector 17 Vashi,"Rs. 13,898 - 16,872/sq. ft.",5.48%  ,See Trends,"Rs. 19,380 - 23,460","Rs. 29,750 - 38,250","Rs. 43,605 - 53,295"
Sector 18 Kamothe,"Rs. 6,715 - 7,352/sq. ft.",1.85%  ,See Trends,"Rs. 8,670 - 9,690","Rs. 14,956 - 16,950",-
Sector 18 Kharghar,"Rs. 7,862 - 8,798/sq. ft.",3.09%  ,See Trends,"Rs. 9,945 - 11,602","Rs. 16,294 - 18,105","Rs. 23,103 - 28,237"
Sector 19 Kamothe,"Rs. 6,672 - 7,310/sq. ft.",3.13%  ,See Trends,"Rs. 8,222 - 9,189","Rs. 11,900 - 13,600","Rs. 16,327 - 17,493"
Sector 19 Kharghar,"Rs. 8,500 - 9,732/sq. ft.",1.41%  ,See Trends,"Rs. 10,710 - 12,240","Rs. 17,000 - 19,550","Rs. 28,149 - 32,171"
Sector 19 Nerul,"Rs. 12,368 - 14,025/sq. ft.",1.31%  ,See Trends,"Rs. 14,770 - 16,616","Rs. 23,715 - 26,010",-
Sector 19 Ulwe,"Rs. 6,035 - 6,800/sq. ft.",-3.25%  ,See Trends,"Rs. 5,957 - 6,950","Rs. 9,322 - 11,864","Rs. 12,316 - 13,548"
Sector 19A Nerul,"Rs. 12,452 - 13,472/sq. ft.",-1.91%  ,See Trends,"Rs. 15,428 - 16,830","Rs. 27,489 - 31,654","Rs. 40,120 - 47,642"
Sector 19B,"Rs. 6,460 - 6,928/sq. ft.",-5.42%  ,See Trends,"Rs. 6,232 - 10,067",-,-
Sector 20 Airoli,"Rs. 9,350 - 10,625/sq. ft.",0.86%  ,See Trends,"Rs. 13,328 - 15,708","Rs. 20,244 - 21,801",-
Sector 20 Belapur,"Rs. 7,310 - 8,500/sq. ft.",0.54%  ,See Trends,"Rs. 9,818 - 12,155","Rs. 16,745 - 21,768",-
Sector 20 Kamothe,"Rs. 6,418 - 7,225/sq. ft.",3.85%  ,See Trends,"Rs. 7,874 - 9,351","Rs. 10,895 - 12,572","Rs. 14,892 - 16,133"
Sector 20 Kharghar,"Rs. 8,330 - 9,478/sq. ft.",-1.44%  ,See Trends,"Rs. 10,050 - 11,485","Rs. 18,700 - 22,950","Rs. 23,241 - 25,823"
Sector 20 Ulwe,"Rs. 6,248 - 7,140/sq. ft.",-0.63%  ,See Trends,"Rs. 5,638 - 6,151","Rs. 9,303 - 10,995","Rs. 11,611 - 16,255"
Sector 21 Ghansoli,"Rs. 8,075 - 9,052/sq. ft.",-3.9%  ,See Trends,"Rs. 10,850 - 12,266","Rs. 18,064 - 21,349",-
Sector 21 Kamothe,"Rs. 6,545 - 7,268/sq. ft.",4.52%  ,See Trends,"Rs. 7,948 - 8,882","Rs. 12,750 - 14,450","Rs. 19,031 - 20,150"
Sector 21 Kharghar,"Rs. 8,075 - 9,265/sq. ft.",1%  ,See Trends,"Rs. 10,710 - 14,280","Rs. 16,247 - 18,812","Rs. 24,008 - 28,581"
Sector 21 Nerul,"Rs. 12,112 - 13,430/sq. ft.",1.37%  ,See Trends,"Rs. 14,026 - 15,477","Rs. 22,610 - 25,032","Rs. 31,442 - 39,593"
Sector 21 Ulwe,"Rs. 6,715 - 7,565/sq. ft.",1.84%  ,See Trends,"Rs. 6,120 - 7,140","Rs. 9,247 - 10,928","Rs. 11,900 - 13,090"
Sector 22 Kamothe,"Rs. 6,418 - 7,098/sq. ft.",0%     ,See Trends,"Rs. 8,468 - 9,464","Rs. 11,543 - 12,368",-
Sector 23 Ghansoli,"Rs. 8,585 - 9,818/sq. ft.",3.47%  ,See Trends,"Rs. 11,669 - 13,260","Rs. 18,462 - 20,000",-
Sector 23 Nerul,"Rs. 8,968 - 11,008/sq. ft.",-10.89%  ,See Trends,-,"Rs. 19,315 - 22,675",-
Sector 23 Ulwe,"Rs. 6,502 - 7,268/sq. ft.",-1.22%  ,See Trends,"Rs. 5,926 - 6,914",-,"Rs. 16,100 - 18,577"
Sector 25 Nerul,"Rs. 12,240 - 14,068/sq. ft.",-3.08%  ,See Trends,-,"Rs. 24,157 - 26,656","Rs. 31,620 - 33,660"
Sector 26 Vashi,"Rs. 9,945 - 11,050/sq. ft.",3.38%  ,See Trends,"Rs. 14,518 - 16,592","Rs. 21,462 - 26,614",-
Sector 28 Vashi,"Rs. 9,818 - 10,582/sq. ft.",-5.6%  ,See Trends,"Rs. 16,242 - 18,153","Rs. 24,576 - 28,813","Rs. 37,460 - 43,703"
Sector 29 Nerul,"Rs. 12,962 - 16,830/sq. ft.",7.85%  ,See Trends,-,"Rs. 28,315 - 31,855",-
Sector 29 Vashi,"Rs. 14,152 - 16,278/sq. ft.",1.14%  ,See Trends,"Rs. 20,272 - 22,074","Rs. 24,045 - 28,553","Rs. 32,045 - 46,410"
Sector 30 Kharghar,"Rs. 6,078 - 7,098/sq. ft.",11.11%  ,See Trends,-,"Rs. 11,103 - 13,482",-
Sector 30A Vashi,"Rs. 11,858 - 13,642/sq. ft.",-,Not Available,"Rs. 17,082 - 19,671","Rs. 27,200 - 29,750",-
Sector 34 Kamothe,"Rs. 6,418 - 7,352/sq. ft.",-3.03%  ,See Trends,"Rs. 8,179 - 8,660","Rs. 12,597 - 14,277",-
Sector 34C Kharghar,"Rs. 8,032 - 9,180/sq. ft.",1.98%  ,See Trends,"Rs. 8,174 - 9,195","Rs. 14,960 - 18,700","Rs. 22,506 - 23,757"
Sector 35I Kharghar,"Rs. 7,182 - 8,118/sq. ft.",-2.7%  ,See Trends,"Rs. 8,704 - 11,968","Rs. 15,100 - 17,765","Rs. 21,558 - 23,953"
Sector 36 Kamothe,"Rs. 6,672 - 7,352/sq. ft.",-0.6%  ,See Trends,"Rs. 8,771 - 9,803","Rs. 12,316 - 13,138","Rs. 16,053 - 17,200"
Sector 36 Kharghar,"Rs. 6,630 - 7,438/sq. ft.",-2.37%  ,See Trends,"Rs. 6,545 - 7,948","Rs. 14,280 - 16,065","Rs. 21,068 - 24,786"
Sector 36 Seawoods,"Rs. 10,285 - 12,198/sq. ft.",1.16%  ,See Trends,"Rs. 10,557 - 14,688","Rs. 26,698 - 29,368","Rs. 33,393 - 42,384"
Sector 40 Seawoods,"Rs. 11,390 - 12,962/sq. ft.",-2.08%  ,See Trends,"Rs. 16,320 - 17,850","Rs. 21,945 - 26,166","Rs. 40,800 - 48,960"
Sector 42 Seawoods,"Rs. 11,178 - 12,835/sq. ft.",7.78%  ,See Trends,"Rs. 15,546 - 17,051","Rs. 24,650 - 26,350","Rs. 35,151 - 37,575"
Sector 44 Seawoods,"Rs. 9,945 - 12,750/sq. ft.",4.08%  ,See Trends,"Rs. 11,496 - 13,796","Rs. 21,250 - 26,350","Rs. 30,409 - 38,292"
Sector 48-A Seawoods,-,-,Not Available,"Rs. 12,155 - 14,492",-,-
Shahbaz Village,"Rs. 7,438 - 8,500/sq. ft.",-,Not Available,-,-,-
Shilphata,"Rs. 5,525 - 6,460/sq. ft.",4.48%  ,See Trends,"Rs. 6,177 - 8,078","Rs. 9,580 - 11,054",-
Shirdon,"Rs. 3,570 - 4,335/sq. ft.",-,Not Available,-,-,-
Shiv Colony,-,-,Not Available,"Rs. 10,370 - 13,688",-,-
Sukapur,"Rs. 4,420 - 5,482/sq. ft.",1.75%  ,See Trends,"Rs. 4,718 - 6,604",-,-
Takka Colony,"Rs. 6,545 - 7,522/sq. ft.",0%     ,See Trends,-,-,-
Taloja,"Rs. 4,632 - 5,312/sq. ft.",0.85%  ,See Trends,"Rs. 4,947 - 5,442","Rs. 7,290 - 8,911",-
Taloja Panchanand,"Rs. 4,888 - 5,652/sq. ft.",-0.8%  ,See Trends,"Rs. 4,712 - 6,283","Rs. 8,398 - 9,238",-
Taloje Majkur,"Rs. 4,590 - 5,015/sq. ft.",-,Not Available,-,-,-
Ulwe,"Rs. 6,545 - 7,480/sq. ft.",0%     ,See Trends,"Rs. 5,535 - 6,542","Rs. 9,275 - 10,962","Rs. 13,445 - 15,890"
Usarli Khurd,"Rs. 4,462 - 4,675/sq. ft.",0%     ,See Trends,"Rs. 4,552 - 6,069",-,-
Vadghar,"Rs. 4,802 - 5,440/sq. ft.",-3.28%  ,See Trends,-,-,-
Vashi,"Rs. 11,815 - 14,875/sq. ft.",0.64%  ,See Trends,"Rs. 16,662 - 20,701","Rs. 24,225 - 29,878","Rs. 38,080 - 47,600"
Vichumbe,"Rs. 4,632 - 5,185/sq. ft.",-4.17%  ,See Trends,"Rs. 5,610 - 7,140","Rs. 8,565 - 8,565",-
Mumbai South,,,,,,
Abhyudaya Nagar,"Rs. 24,565 - 28,602/sq. ft.",-,Not Available,"Rs. 16,473 - 17,200","Rs. 64,842 - 70,172","Rs. 95,189 - 1,06,225"
Adarsh Nagar,"Rs. 32,852 - 39,652/sq. ft.",-0.46%  ,See Trends,"Rs. 23,715 - 26,245","Rs. 61,370 - 74,290","Rs. 1,13,356 - 1,40,278"
Agripada,"Rs. 25,500 - 29,750/sq. ft.",5.71%  ,See Trends,"Rs. 28,730 - 31,824","Rs. 61,922 - 71,910",-
Altamount Road,"Rs. 54,698 - 71,825/sq. ft.",2.53%  ,See Trends,"Rs. 73,780 - 89,250","Rs. 1,21,464 - 1,56,009","Rs. 2,03,108 - 2,82,285"
Apollo Bandar,-,-,Not Available,"Rs. 51,510 - 56,610",-,-
BDD Chawls Worli,-,-,Not Available,-,-,"Rs. 1,13,402 - 1,18,934"
Breach Candy,"Rs. 49,682 - 60,902/sq. ft.",-1.4%  ,See Trends,"Rs. 62,424 - 76,500","Rs. 1,27,939 - 1,41,525","Rs. 1,88,700 - 2,31,200"
Century Bazaar,"Rs. 27,838 - 32,002/sq. ft.",-,Not Available,"Rs. 14,280 - 17,255","Rs. 65,450 - 72,250",-
Chamundeshwari Nagar,"Rs. 47,090 - 55,888/sq. ft.",2.72%  ,See Trends,"Rs. 73,096 - 85,549","Rs. 1,23,781 - 1,45,567","Rs. 1,77,630 - 2,12,290"
Churchgate,"Rs. 34,722 - 45,305/sq. ft.",-6.12%  ,See Trends,"Rs. 26,163 - 30,753","Rs. 1,14,750 - 1,40,250","Rs. 1,73,400 - 1,95,500"
Colaba,"Rs. 31,960 - 37,145/sq. ft.",-1.7%  ,See Trends,"Rs. 49,939 - 58,752","Rs. 77,928 - 96,598","Rs. 1,89,638 - 2,23,910"
Cuffe Parade,"Rs. 44,582 - 52,232/sq. ft.",1.79%  ,See Trends,"Rs. 70,125 - 81,812","Rs. 1,16,644 - 1,33,738","Rs. 1,74,742 - 2,00,737"
Dadar,"Rs. 28,178 - 33,490/sq. ft.",1.7%  ,See Trends,"Rs. 20,553 - 27,514","Rs. 64,600 - 78,200","Rs. 1,20,615 - 1,48,665"
Dadar (East),"Rs. 25,628 - 30,218/sq. ft.",1.69%  ,See Trends,"Rs. 31,875 - 36,550","Rs. 57,301 - 63,114","Rs. 1,24,950 - 1,49,940"
Dadar (West),"Rs. 29,155 - 35,232/sq. ft.",2.63%  ,See Trends,"Rs. 20,014 - 26,904","Rs. 66,300 - 79,050","Rs. 1,24,924 - 1,54,074"
Gamdevi,"Rs. 35,275 - 44,115/sq. ft.",2.88%  ,See Trends,"Rs. 30,322 - 36,474","Rs. 65,512 - 79,754","Rs. 1,35,362 - 1,97,838"
Gandhi Nagar Worli,-,-,Not Available,"Rs. 18,550 - 20,346","Rs. 66,938 - 71,400","Rs. 1,04,040 - 1,33,110"
Girgaon,"Rs. 28,645 - 32,768/sq. ft.",-0.27%  ,See Trends,"Rs. 38,309 - 41,078",-,-
Gowalia Tank,"Rs. 36,592 - 44,242/sq. ft.",10.77%  ,See Trends,-,-,-
Haji Ali,"Rs. 37,145 - 48,408/sq. ft.",-,Not Available,-,"Rs. 96,589 - 1,17,351",-
Hanuman Nagar,"Rs. 24,735 - 29,495/sq. ft.",2.41%  ,See Trends,"Rs. 23,715 - 27,540",-,"Rs. 1,85,912 - 2,37,038"
Hindu Colony,"Rs. 29,878 - 33,660/sq. ft.",0.66%  ,See Trends,-,"Rs. 59,690 - 65,974",-
Jacob Circle,"Rs. 37,102 - 42,925/sq. ft.",1.08%  ,See Trends,-,"Rs. 1,13,002 - 1,27,128","Rs. 1,66,175 - 1,86,405"
Kamathipura,"Rs. 23,502 - 23,885/sq. ft.",-,Not Available,-,-,-
Kemps Corner,"Rs. 41,990 - 52,105/sq. ft.",-,Not Available,"Rs. 46,199 - 58,018","Rs. 63,891 - 66,700",-
Koliwada,"Rs. 26,010 - 32,385/sq. ft.",-2.88%  ,See Trends,-,"Rs. 61,922 - 81,898",-
Lal Baug,"Rs. 25,755 - 31,195/sq. ft.",8.13%  ,See Trends,"Rs. 33,048 - 40,392","Rs. 61,940 - 70,788","Rs. 1,34,530 - 1,49,630"
Lower Parel,"Rs. 26,520 - 30,728/sq. ft.",-1.77%  ,See Trends,"Rs. 27,336 - 32,640","Rs. 67,150 - 80,750","Rs. 1,43,820 - 1,65,240"
Lower Parel East,-,-,Not Available,"Rs. 31,719 - 34,223","Rs. 56,231 - 63,486",-
Lower Parel West,"Rs. 25,032 - 30,302/sq. ft.",-0.65%  ,See Trends,"Rs. 20,081 - 23,906","Rs. 72,675 - 80,750","Rs. 1,67,790 - 1,89,210"
Mahalaxmi,"Rs. 28,645 - 37,782/sq. ft.",4.79%  ,See Trends,"Rs. 33,507 - 38,097","Rs. 89,199 - 1,12,985","Rs. 1,85,130 - 2,18,790"
Mahalaxmi Sindhi Colony,"Rs. 30,982 - 37,188/sq. ft.",-,Not Available,-,-,-
Malabar Hill,"Rs. 47,218 - 57,715/sq. ft.",1.38%  ,See Trends,"Rs. 58,565 - 75,692","Rs. 1,09,208 - 1,32,042","Rs. 2,04,171 - 2,44,307"
Mandvi,"Rs. 14,918 - 18,232/sq. ft.",-,Not Available,-,-,-
Mantralaya,-,-,Not Available,-,-,"Rs. 1,89,656 - 2,23,975"
Marine Drive,"Rs. 40,800 - 45,262/sq. ft.",0%     ,See Trends,-,"Rs. 1,00,682 - 1,33,918","Rs. 1,73,400 - 2,10,800"
Marine Drive Chowpatty,-,-,Not Available,-,-,"Rs. 1,77,352 - 2,07,188"
Marine Lines,"Rs. 37,400 - 43,988/sq. ft.",3%  ,See Trends,-,"Rs. 1,03,020 - 1,35,660","Rs. 1,75,100 - 2,05,700"
Matunga,"Rs. 28,348 - 32,810/sq. ft.",0.71%  ,See Trends,"Rs. 37,740 - 43,350","Rs. 58,507 - 68,258","Rs. 1,00,725 - 1,24,950"
Matunga East,"Rs. 27,625 - 31,875/sq. ft.",-1.42%  ,See Trends,"Rs. 39,061 - 44,867","Rs. 63,114 - 78,893","Rs. 97,186 - 1,16,083"
Matunga West,"Rs. 28,560 - 32,938/sq. ft.",4%  ,See Trends,"Rs. 37,740 - 43,350","Rs. 55,718 - 65,408","Rs. 1,09,650 - 1,27,500"
Mumbai Central,"Rs. 32,895 - 41,395/sq. ft.",5.2%  ,See Trends,"Rs. 28,560 - 33,456","Rs. 66,462 - 81,653",-
Napean Sea Road,"Rs. 46,538 - 56,058/sq. ft.",-2.25%  ,See Trends,"Rs. 56,355 - 71,272","Rs. 89,597 - 1,08,263","Rs. 2,24,407 - 2,61,195"
Nariman Point,-,-,Not Available,-,-,"Rs. 2,92,612 - 3,44,632"
Parel,"Rs. 22,270 - 26,392/sq. ft.",-1.91%  ,See Trends,"Rs. 29,325 - 34,000","Rs. 62,645 - 72,930","Rs. 88,740 - 1,10,160"
Parmanand Wadi,"Rs. 22,398 - 25,032/sq. ft.",6.07%  ,See Trends,"Rs. 27,770 - 33,660","Rs. 62,930 - 70,444","Rs. 83,116 - 1,06,279"
Peddar Road,"Rs. 39,738 - 46,878/sq. ft.",-0.57%  ,See Trends,"Rs. 60,562 - 68,212","Rs. 92,671 - 1,21,826","Rs. 1,72,156 - 2,01,838"
Prabhadevi,"Rs. 29,750 - 35,742/sq. ft.",4.05%  ,See Trends,"Rs. 17,442 - 22,950","Rs. 71,400 - 83,895","Rs. 1,27,628 - 1,59,885"
Shivaji Park,"Rs. 30,770 - 35,828/sq. ft.",-6.87%  ,See Trends,"Rs. 41,269 - 45,200",-,"Rs. 99,960 - 1,22,570"
Shiv Sagar Estate,-,-,Not Available,"Rs. 55,250 - 62,432",-,-
Siddharth Nagar,-,-,Not Available,"Rs. 41,480 - 48,532",-,-
Tardeo,"Rs. 35,275 - 44,922/sq. ft.",2.53%  ,See Trends,"Rs. 30,762 - 36,474","Rs. 65,512 - 79,754",-
Upper Worli,"Rs. 30,515 - 34,978/sq. ft.",-9.61%  ,See Trends,"Rs. 28,111 - 32,436",-,"Rs. 1,71,700 - 2,05,700"
Walkeshwar,"Rs. 42,032 - 57,460/sq. ft.",-5.04%  ,See Trends,-,-,-
Worli,"Rs. 28,772 - 34,000/sq. ft.",-5.58%  ,See Trends,"Rs. 26,010 - 33,278","Rs. 77,222 - 87,975","Rs. 1,13,597 - 1,32,530"
Worli Hill,-,-,Not Available,"Rs. 47,642 - 59,678","Rs. 68,850 - 82,450","Rs. 1,44,500 - 2,12,500"
Worli Naka,-,-,Not Available,"Rs. 26,316 - 31,798","Rs. 70,125 - 84,150","Rs. 1,16,828 - 1,36,552"
Worli Seaface,"Rs. 35,615 - 49,342/sq. ft.",-0.98%  ,See Trends,"Rs. 47,049 - 53,465","Rs. 72,546 - 92,591","Rs. 1,08,460 - 1,23,250"
Mumbai Harbour,,,,,,
Bhakti Park,"Rs. 16,958 - 19,168/sq. ft.",-6.61%  ,See Trends,"Rs. 28,649 - 30,923","Rs. 44,412 - 48,450","Rs. 57,005 - 63,712"
Byculla,"Rs. 21,760 - 27,200/sq. ft.",0.53%  ,See Trends,"Rs. 24,225 - 29,325",-,-
Byculla East,"Rs. 22,228 - 27,370/sq. ft.",-0.34%  ,See Trends,"Rs. 25,077 - 30,016",-,-
Byculla West,"Rs. 20,400 - 21,250/sq. ft.",-0.4%  ,See Trends,"Rs. 25,636 - 28,730",-,-
Chedda Nagar,-,-,Not Available,"Rs. 22,100 - 25,415",-,-
Chembur,"Rs. 15,598 - 18,742/sq. ft.",2.3%  ,See Trends,"Rs. 23,786 - 27,255","Rs. 37,400 - 43,350","Rs. 54,230 - 62,858"
Chembur (East),"Rs. 15,640 - 18,530/sq. ft.",2.82%  ,See Trends,"Rs. 24,480 - 28,397","Rs. 38,250 - 44,200","Rs. 54,965 - 63,515"
Chembur (West),"Rs. 13,260 - 16,022/sq. ft.",-2.81%  ,See Trends,"Rs. 20,213 - 23,664","Rs. 26,732 - 31,790","Rs. 39,073 - 48,266"
Chembur Gaothan,-,-,Not Available,-,"Rs. 40,229 - 49,448","Rs. 56,988 - 60,214"
Collectors Colony Chembur,"Rs. 15,980 - 17,170/sq. ft.",-1.02%  ,See Trends,"Rs. 24,310 - 27,115","Rs. 34,612 - 37,208",-
Cotton Green,-,-,Not Available,"Rs. 12,584 - 14,191",-,-
Deonar,"Rs. 15,470 - 19,168/sq. ft.",5.33%  ,See Trends,"Rs. 27,724 - 34,398","Rs. 38,250 - 45,050","Rs. 54,779 - 65,497"
Ghodapdeo,-,-,Not Available,"Rs. 13,698 - 16,935",-,-
Govandi,"Rs. 12,835 - 14,875/sq. ft.",0%     ,See Trends,"Rs. 18,438 - 21,372","Rs. 35,819 - 40,817",-
Govandi East,"Rs. 13,558 - 14,875/sq. ft.",-,Not Available,"Rs. 19,928 - 22,142","Rs. 35,343 - 40,966",-
Lalbaug,"Rs. 27,412 - 30,642/sq. ft.",-1.49%  ,See Trends,"Rs. 22,503 - 25,044","Rs. 58,624 - 64,842","Rs. 64,515 - 78,591"
Mankhurd,"Rs. 8,585 - 10,285/sq. ft.",-,Not Available,"Rs. 11,192 - 12,549",-,-
Mazgaon,"Rs. 23,375 - 29,410/sq. ft.",-0.82%  ,See Trends,"Rs. 27,051 - 33,108",-,-
Nagesh Patilwadi,-,-,Not Available,-,"Rs. 35,768 - 42,027",-
Postal Colony,-,-,Not Available,"Rs. 14,578 - 16,065",-,-
RCF Colony Chembur,"Rs. 15,258 - 18,530/sq. ft.",2.26%  ,See Trends,"Rs. 23,842 - 27,582","Rs. 33,958 - 39,015",-
Sewri,"Rs. 23,120 - 26,818/sq. ft.",-5.71%  ,See Trends,"Rs. 29,070 - 32,462","Rs. 75,030 - 82,450","Rs. 99,652 - 1,43,336"
Sindhi Society Chembur,"Rs. 16,235 - 19,252/sq. ft.",3.19%  ,See Trends,"Rs. 25,318 - 28,184","Rs. 37,952 - 43,605","Rs. 57,120 - 65,117"
Subhash Nagar,"Rs. 13,345 - 15,810/sq. ft.",-,Not Available,"Rs. 21,461 - 24,590","Rs. 41,942 - 47,933",-
Swastik Park,"Rs. 16,192 - 17,978/sq. ft.",-4.06%  ,See Trends,"Rs. 23,375 - 26,648","Rs. 36,550 - 42,500","Rs. 48,875 - 57,375"
Tilak Nagar,"Rs. 13,558 - 15,385/sq. ft.",-1.17%  ,See Trends,"Rs. 22,100 - 24,752","Rs. 32,201 - 36,035","Rs. 41,861 - 47,369"
Tolaram Colony,-,-,Not Available,"Rs. 23,162 - 28,258","Rs. 32,512 - 36,338",-
Union Park,"Rs. 19,210 - 23,035/sq. ft.",-6.01%  ,See Trends,"Rs. 25,500 - 29,580","Rs. 39,525 - 43,478","Rs. 56,695 - 65,322"
Wadala,"Rs. 17,085 - 19,848/sq. ft.",-3.52%  ,See Trends,"Rs. 33,600 - 36,610","Rs. 42,211 - 47,893","Rs. 61,404 - 71,638"
Wadala East,"Rs. 17,510 - 19,805/sq. ft.",-4.55%  ,See Trends,"Rs. 28,221 - 30,461","Rs. 40,545 - 45,135","Rs. 56,962 - 63,663"
Wadala West,"Rs. 19,168 - 22,780/sq. ft.",-9.09%  ,See Trends,-,"Rs. 45,518 - 55,632",
